Vehicle_ID,Make,Model,Year,Region,Vehicle_Type,Battery_Capacity_kWh,Battery_Health_%,Range_km,Charging_Power_kW,Charging_Time_hr,Charge_Cycles,Energy_Consumption_kWh_per_100km,Mileage_km,Avg_Speed_kmh,Max_Speed_kmh,Acceleration_0_100_kmh_sec,Temperature_C,Usage_Type,CO2_Saved_tons,Maintenance_Cost_USD,Insurance_Cost_USD,Electricity_Cost_USD_per_kWh,Monthly_Charging_Cost_USD,Resale_Value_USD
1802,Kia,EV6,2016,Australia,Hatchback,35.4,90.1,158,86.3,0.55,1861,21.1,206058,72.8,201,3.73,39.0,Commercial,24.73,1147,1127,0.28,1014.49,12941
1191,Nissan,Ariya,2016,North America,Sedan,36.7,76.1,153,26.1,1.83,346,13.1,195511,91.3,173,5.78,17.6,Personal,23.46,575,1305,0.19,405.52,14769
1818,Nissan,Leaf,2022,North America,Hatchback,101.3,83.2,510,246.8,0.44,1365,12.27,41003,48.7,179,7.7,4.6,Fleet,4.92,274,1823,0.09,37.73,27891
252,Nissan,Leaf,2022,North America,SUV,107.2,93.5,520,59.1,2.19,1990,23.71,17391,76.7,147,8.99,2.5,Fleet,2.09,1405,1392,0.1,34.36,30526
2506,BMW,i3,2016,Asia,Hatchback,93.8,95.7,401,103.2,1.23,1632,21.0,83905,97.7,180,6.61,17.2,Commercial,10.07,758,1385,0.11,161.52,25041
1118,Mercedes,EQC,2023,Europe,SUV,90.3,84.1,430,39.5,3.0,1625,19.21,199275,39.5,147,7.2,20.3,Personal,23.91,1118,1558,0.1,319.01,27432
1412,Nissan,Leaf,2016,Asia,Hatchback,118.3,71.2,607,186.7,0.83,1634,12.78,210237,89.0,248,6.78,-8.5,Personal,25.23,419,1527,0.26,582.15,31160
2114,Hyundai,Ioniq 5,2021,Asia,SUV,87.3,80.7,358,237.6,0.44,649,19.16,150538,40.4,155,8.77,31.6,Fleet,18.06,1835,552,0.24,576.86,22547
409,Mercedes,EQS,2021,Asia,SUV,56.7,97.9,240,166.9,0.48,663,18.03,196174,50.9,174,9.14,25.4,Personal,23.54,1314,1249,0.29,854.78,19042
2580,Tesla,Model X,2018,Asia,Sedan,42.3,95.8,178,32.1,1.71,679,13.76,98706,81.9,179,7.13,17.4,Fleet,11.84,1029,1794,0.33,373.5,14968
2255,Chevrolet,Bolt EV,2016,Asia,Hatchback,79.7,74.7,329,98.5,0.87,1935,24.18,225671,70.3,247,4.56,-2.5,Commercial,27.08,726,1032,0.28,1273.24,19776
53,BMW,i4,2019,North America,SUV,75.5,98.0,350,152.9,0.62,209,19.13,145937,99.3,142,7.95,-5.6,Commercial,17.51,1542,2136,0.08,186.12,21434
645,Volkswagen,ID.4,2024,Australia,Sedan,83.5,74.5,400,227.2,0.39,1778,14.29,71446,57.6,179,7.31,5.8,Personal,8.57,1181,2410,0.14,119.11,24325
1764,BMW,iX,2021,North America,Truck,76.4,85.2,420,56.2,1.45,820,15.92,73464,78.0,248,8.49,9.3,Commercial,8.82,454,1787,0.13,126.7,24405
2777,BMW,iX,2017,Europe,Hatchback,74.8,74.8,336,181.1,0.56,697,21.84,82156,70.3,223,5.73,21.9,Fleet,9.86,1245,2498,0.34,508.38,20838
901,Kia,EV6,2016,North America,Sedan,99.7,76.3,489,48.3,2.2,783,13.68,75815,78.3,233,6.67,-3.1,Commercial,9.1,1198,1257,0.24,207.43,25353
1074,Nissan,Ariya,2018,Australia,Sedan,90.5,99.6,527,182.4,0.68,748,16.27,232117,54.9,231,4.92,-6.4,Commercial,27.85,1616,2360,0.19,597.95,22819
473,Chevrolet,Bolt EV,2021,Asia,Sedan,48.8,95.5,283,140.4,0.41,825,19.57,90914,74.2,233,6.77,31.5,Fleet,10.91,1363,856,0.17,252.05,15857
2739,Hyundai,Ioniq 5,2022,North America,Hatchback,108.3,95.2,443,40.9,3.16,932,15.87,127673,98.3,200,5.22,-2.8,Commercial,15.32,1962,666,0.3,506.54,32607
2547,Hyundai,Ioniq 5,2022,Europe,Sedan,40.7,71.3,200,152.4,0.34,1293,17.26,205591,95.0,220,4.53,21.3,Commercial,24.67,605,1267,0.12,354.85,15502
45,Tesla,Model S,2020,Asia,Sedan,92.8,75.4,500,109.4,0.92,866,20.68,80697,72.1,180,3.77,-1.6,Personal,9.68,803,1181,0.13,180.79,27845
290,Ford,F-150 Lightning,2022,Australia,Hatchback,79.3,78.2,460,62.4,1.38,646,15.54,139794,79.9,225,9.78,9.8,Commercial,16.78,1008,1478,0.17,307.76,24137
913,Audi,Q4 e-tron,2020,Europe,SUV,111.9,78.2,560,240.1,0.63,1532,12.22,109213,77.6,151,9.07,8.8,Commercial,13.11,599,578,0.08,88.97,31461
2084,Kia,Niro EV,2023,Europe,Sedan,64.1,88.4,319,167.2,0.54,1650,13.68,150977,99.7,219,3.68,38.1,Commercial,18.12,1484,987,0.2,344.23,24464
1361,Audi,Q4 e-tron,2018,Asia,Hatchback,112.1,88.3,457,38.2,3.3,1446,16.34,66240,34.1,242,8.12,21.8,Personal,7.95,1083,1951,0.14,126.28,28390
2896,Chevrolet,Bolt EUV,2024,Asia,Hatchback,32.4,73.4,192,219.7,0.18,442,24.02,8740,37.8,149,8.61,-5.5,Commercial,1.05,1323,746,0.18,31.49,15360
2604,Nissan,Leaf,2017,Europe,Sedan,117.6,70.1,644,158.0,0.78,1848,20.22,129628,95.4,185,7.14,6.4,Commercial,15.56,1456,1452,0.16,349.48,29631
1227,Ford,Mustang Mach-E,2023,Australia,Hatchback,92.5,97.5,504,28.8,4.01,722,22.6,23069,43.5,206,8.46,27.3,Fleet,2.77,1878,1177,0.12,52.14,28716
297,Volkswagen,ID.4,2018,Europe,Sedan,92.4,86.6,409,60.9,1.96,1534,14.0,84507,81.4,192,5.85,10.4,Personal,10.14,983,1669,0.1,98.59,26957
1242,BMW,i4,2017,Europe,Hatchback,75.5,71.9,441,53.3,1.7,1006,21.81,95577,66.9,179,7.92,18.9,Personal,11.47,1242,1493,0.14,243.2,19030
1006,Mercedes,EQC,2020,Europe,Sedan,102.3,82.0,447,192.4,0.74,1087,17.16,242464,54.9,215,5.55,14.2,Commercial,29.1,1854,2234,0.34,1178.86,29983
1666,Ford,F-150 Lightning,2016,Asia,Hatchback,92.9,96.6,414,179.8,0.65,853,16.23,12825,41.7,226,5.11,34.1,Personal,1.54,519,1560,0.25,43.36,25474
747,Hyundai,Kona Electric,2019,Asia,Sedan,53.2,71.1,274,66.0,1.09,1876,15.16,242011,82.7,195,9.35,30.9,Personal,29.04,1652,1688,0.13,397.46,17243
2852,BMW,i3,2018,North America,SUV,66.2,91.9,376,205.4,0.34,262,19.23,221557,75.7,186,7.25,-7.0,Commercial,26.59,937,2098,0.18,639.08,17628
292,Nissan,Ariya,2021,North America,Hatchback,35.9,96.6,173,129.8,0.3,480,14.08,168052,69.6,240,8.42,34.9,Fleet,20.17,1216,2017,0.19,374.64,13658
782,Ford,Mustang Mach-E,2019,Australia,SUV,108.1,71.3,556,215.0,0.63,996,19.76,198979,53.5,234,4.09,18.1,Commercial,23.88,620,1839,0.11,360.42,28743
2145,Ford,Mustang Mach-E,2018,Europe,Truck,85.8,99.4,396,239.6,0.49,572,20.02,226714,87.2,160,6.88,-6.5,Commercial,27.21,953,713,0.33,1248.17,21993
323,Ford,Mustang Mach-E,2016,Asia,Truck,102.0,86.6,576,161.9,0.7,1408,12.19,109186,97.1,143,4.57,10.8,Fleet,13.1,378,2154,0.21,232.92,25729
299,Ford,F-150 Lightning,2018,Australia,Sedan,90.6,94.7,434,48.4,2.12,1900,13.07,121547,48.9,163,3.7,12.2,Fleet,14.59,1830,634,0.11,145.62,22876
1299,Tesla,Model S,2015,Australia,Hatchback,87.1,89.3,419,128.8,0.77,1498,24.33,192432,47.2,189,8.56,18.1,Commercial,23.09,359,896,0.21,819.33,24567
195,Audi,Q4 e-tron,2023,Europe,Hatchback,62.4,78.1,354,85.9,0.81,1110,24.26,96218,93.7,241,9.59,23.8,Fleet,11.55,600,2221,0.09,175.07,19291
64,Ford,F-150 Lightning,2020,Europe,SUV,107.5,86.1,469,82.6,1.67,1189,21.75,29442,86.0,191,4.83,-0.5,Personal,3.53,628,2000,0.21,112.06,27450
394,Mercedes,EQC,2022,Australia,Hatchback,110.4,83.0,559,125.0,1.11,461,23.82,149454,53.5,150,9.64,-7.1,Personal,17.93,1461,1482,0.09,267.0,30401
728,Kia,EV6,2023,Asia,Sedan,48.0,73.9,256,144.8,0.37,1214,15.33,8212,99.0,172,5.19,23.1,Personal,0.99,921,2107,0.1,10.49,16971
1584,Volkswagen,ID.3,2016,Asia,Hatchback,31.2,84.3,130,113.5,0.38,984,22.9,182384,93.9,196,7.64,5.3,Commercial,21.89,286,2287,0.32,1113.76,14133
1548,Chevrolet,Bolt EV,2021,Asia,Hatchback,43.3,86.4,234,216.7,0.21,544,20.04,118094,76.6,220,8.11,39.6,Personal,14.17,1667,733,0.21,414.16,16605
2426,Mercedes,EQS,2022,Europe,Truck,72.7,95.0,387,114.5,0.69,744,24.73,101284,40.8,168,8.63,24.6,Commercial,12.15,691,1232,0.11,229.6,25694
15,Ford,F-150 Lightning,2015,Asia,Sedan,51.8,72.8,300,226.2,0.27,208,15.63,178714,80.8,132,9.07,10.2,Personal,21.45,1896,2443,0.31,721.6,17006
2568,BMW,i3,2016,North America,Truck,68.2,96.9,389,40.7,1.78,1960,19.88,129518,86.0,198,3.63,36.5,Personal,15.54,511,751,0.3,643.7,21430
1601,Tesla,Model X,2017,Asia,Sedan,77.0,74.6,424,170.0,0.58,1192,14.44,213408,77.2,190,6.9,35.6,Commercial,25.61,273,1355,0.28,719.04,24187
1091,Nissan,Leaf,2015,Australia,SUV,110.5,75.7,517,157.6,0.97,1473,16.84,224800,94.1,158,8.04,-2.4,Personal,26.98,1246,1429,0.22,694.03,25760
2112,Audi,Q4 e-tron,2023,Asia,SUV,69.4,71.2,397,248.9,0.3,785,13.51,136961,93.5,208,4.05,16.4,Personal,16.44,382,1589,0.28,431.75,22875
204,Tesla,Model 3,2016,North America,Truck,88.0,86.8,488,60.0,1.66,1422,13.83,168865,89.3,174,5.3,39.1,Personal,20.26,655,1883,0.32,622.77,24923
2419,Tesla,Model Y,2015,Europe,Truck,90.5,89.4,518,63.3,1.66,631,22.92,155618,32.0,144,6.05,31.4,Fleet,18.67,928,2351,0.2,594.46,25827
153,Audi,e-tron,2016,Asia,Hatchback,73.6,75.0,433,214.1,0.4,297,23.21,83258,75.6,215,5.39,29.3,Fleet,9.99,1517,2479,0.18,289.86,21190
2902,Volkswagen,ID.3,2019,Europe,Sedan,95.9,78.7,445,44.7,2.49,206,24.14,131123,53.2,197,6.37,22.7,Personal,15.73,1519,1728,0.22,580.31,23954
1360,Audi,e-tron,2020,Australia,Hatchback,54.0,78.0,312,195.6,0.3,1293,20.93,163491,40.1,192,4.15,6.8,Fleet,19.62,1096,2288,0.26,741.4,16980
773,Tesla,Model 3,2016,North America,SUV,54.2,87.7,282,47.8,1.26,1755,24.35,153672,50.2,153,4.76,17.7,Commercial,18.44,1763,1677,0.12,374.19,14814
2679,Chevrolet,Bolt EV,2017,Asia,SUV,70.8,85.7,381,205.2,0.4,778,19.26,69286,84.4,182,9.09,32.1,Commercial,8.31,1590,1615,0.2,222.41,19441
1002,Ford,Mustang Mach-E,2022,Europe,Truck,89.1,74.9,366,39.9,2.39,1129,24.09,94147,53.3,173,4.79,32.7,Commercial,11.3,290,1824,0.12,226.8,27680
719,Tesla,Model X,2021,Australia,SUV,72.9,79.8,396,28.8,2.73,1091,19.2,95073,62.4,225,5.44,9.2,Personal,11.41,1825,2443,0.34,517.2,20839
613,Chevrolet,Bolt EUV,2017,North America,SUV,101.8,97.6,606,13.6,8.75,1159,23.18,196911,42.6,136,7.49,29.7,Commercial,23.63,767,1137,0.13,494.48,26661
843,Nissan,Leaf,2024,Asia,SUV,99.2,82.9,547,99.9,1.3,237,17.46,236343,47.8,242,9.49,36.6,Personal,28.36,1005,2429,0.3,1031.64,31704
267,Audi,Q4 e-tron,2024,Europe,SUV,108.3,82.1,643,233.8,0.52,1410,13.84,71981,89.8,182,5.31,0.9,Fleet,8.64,1460,1257,0.3,249.05,29293
52,Mercedes,EQC,2023,North America,SUV,94.7,86.1,469,211.4,0.6,1633,16.21,96922,44.0,149,5.08,-4.3,Fleet,11.63,289,1153,0.16,209.48,27112
1196,Tesla,Model S,2024,Europe,Hatchback,48.5,84.3,235,164.2,0.32,1749,24.53,235305,43.5,225,6.39,-9.4,Commercial,28.24,551,1305,0.31,1491.11,21919
1271,BMW,i3,2020,Australia,Hatchback,115.8,87.1,534,101.5,1.3,802,16.34,15165,37.1,141,8.03,4.7,Fleet,1.82,417,1240,0.25,51.62,29791
1492,Volkswagen,ID.4,2022,Asia,Sedan,45.6,84.8,245,166.8,0.32,1169,14.81,158833,64.6,227,7.66,2.2,Fleet,19.06,746,1224,0.34,666.49,14883
1583,Tesla,Model X,2024,Australia,SUV,112.4,83.9,595,74.2,2.05,961,14.2,140246,84.2,181,7.17,17.6,Fleet,16.83,1188,1393,0.31,514.47,32949
522,Nissan,Ariya,2017,Australia,SUV,110.5,76.8,605,85.0,1.42,852,19.85,243188,35.3,173,9.9,9.2,Personal,29.18,1643,2278,0.26,1045.91,27102
1695,Audi,Q4 e-tron,2016,Asia,Truck,51.5,74.6,295,236.1,0.27,1527,13.03,239353,37.7,182,8.54,-3.8,Commercial,28.72,1041,827,0.16,415.84,17959
2664,Volkswagen,ID.4,2020,Australia,SUV,77.7,85.8,427,92.7,0.94,807,22.71,174485,97.5,242,5.46,30.8,Personal,20.94,1864,1514,0.18,594.38,20862
2749,Tesla,Model S,2019,Asia,Hatchback,72.6,81.7,299,129.0,0.74,241,21.41,148933,36.1,195,5.45,16.5,Personal,17.87,768,956,0.12,318.87,22596
1922,Tesla,Model X,2018,North America,Truck,81.6,87.2,368,162.2,0.54,1558,18.69,50642,47.1,144,8.93,34.2,Fleet,6.08,1742,2304,0.17,134.09,20617
103,Audi,e-tron,2022,Asia,SUV,82.1,89.9,344,166.9,0.63,227,15.36,244614,71.2,205,4.35,38.5,Fleet,29.35,1526,786,0.14,438.35,22482
696,Hyundai,Ioniq 5,2017,North America,Hatchback,102.2,94.3,458,158.0,0.8,1774,14.49,72438,35.6,205,3.99,2.3,Personal,8.69,1266,1446,0.19,166.19,28627
2333,BMW,iX,2015,Europe,Sedan,52.9,82.3,302,96.4,0.65,499,23.07,162078,51.9,146,5.82,11.5,Personal,19.45,602,787,0.11,342.75,15479
2725,Chevrolet,Bolt EV,2018,Asia,Sedan,35.7,79.5,171,176.1,0.29,1044,14.51,44123,49.3,153,4.08,22.0,Commercial,5.29,989,814,0.16,85.36,13965
2273,Chevrolet,Bolt EV,2018,North America,Truck,105.5,99.7,446,99.6,1.17,1193,23.04,38743,90.1,139,4.8,38.9,Fleet,4.65,1808,713,0.12,89.26,27989
2483,Volkswagen,ID.3,2017,Asia,Hatchback,114.1,70.8,506,126.4,1.13,1333,23.09,42633,34.9,186,6.93,3.3,Commercial,5.12,896,1210,0.12,98.44,28824
1843,Audi,Q4 e-tron,2020,Australia,Sedan,48.1,80.6,206,48.5,1.39,1955,14.86,18008,30.6,219,7.61,-6.2,Personal,2.16,202,1573,0.16,35.68,15593
1831,Mercedes,EQC,2022,North America,Truck,102.8,86.3,413,123.3,1.08,817,24.64,138541,95.2,243,6.83,28.1,Commercial,16.62,1330,743,0.2,568.94,30024
795,Kia,EV6,2019,Asia,Sedan,104.9,79.8,572,33.4,3.63,1058,21.75,97529,83.3,155,5.08,7.7,Fleet,11.7,992,2263,0.24,424.25,25289
1821,Audi,e-tron,2024,Australia,Sedan,63.0,84.1,322,248.2,0.29,977,22.85,196638,87.7,224,9.35,29.5,Fleet,23.6,759,1871,0.28,1048.41,20169
2002,Tesla,Model 3,2024,Australia,Truck,90.3,94.6,382,57.3,2.0,773,13.38,53263,45.2,155,4.9,5.0,Personal,6.39,612,798,0.16,95.02,29093
145,Mercedes,EQC,2024,Europe,Hatchback,93.7,93.7,471,116.2,1.09,382,21.56,81256,36.2,245,3.91,30.1,Fleet,9.75,1526,1470,0.28,408.77,30577
2526,Mercedes,EQS,2019,North America,Hatchback,110.7,74.5,594,82.7,1.59,1883,14.93,164563,98.2,136,5.42,13.6,Commercial,19.75,691,1257,0.28,573.28,31076
1331,Mercedes,EQS,2021,North America,Hatchback,32.8,78.1,145,22.9,1.74,203,22.36,106272,48.3,221,6.29,-2.6,Commercial,12.75,1378,2342,0.25,495.05,15542
2478,Hyundai,Ioniq 5,2017,North America,Hatchback,79.5,86.8,321,217.8,0.52,729,24.76,166772,50.0,177,8.63,-0.5,Commercial,20.01,363,2226,0.19,653.8,20267
2882,Hyundai,Ioniq 5,2021,Australia,Truck,74.0,81.3,346,52.3,1.81,285,12.31,84975,77.1,229,8.14,-2.3,Personal,10.2,1575,2340,0.15,130.76,24915
322,BMW,i4,2016,Australia,Hatchback,88.0,81.4,361,154.3,0.62,1971,21.78,96321,61.0,188,4.78,12.1,Commercial,11.56,1090,1221,0.15,262.23,21771
1262,Kia,EV6,2019,Asia,Hatchback,102.2,89.8,475,134.4,0.94,1888,22.82,75220,63.8,215,5.06,17.1,Fleet,9.03,1613,958,0.32,457.74,30413
2415,Ford,F-150 Lightning,2023,Australia,Truck,45.5,73.7,253,212.7,0.25,1658,23.63,237786,93.8,180,6.71,-8.4,Commercial,28.53,1064,2152,0.24,1123.78,17452
1270,Mercedes,EQC,2018,North America,Hatchback,80.7,91.0,452,183.3,0.5,1130,13.46,191683,74.5,209,4.44,4.6,Personal,23.0,586,1188,0.09,193.5,21784
1761,Nissan,Leaf,2024,Australia,Sedan,59.7,88.3,282,171.8,0.46,1538,19.48,84098,61.9,172,7.1,31.2,Personal,10.09,312,2229,0.29,395.91,21017
417,Audi,Q4 e-tron,2016,North America,Sedan,90.4,94.6,405,111.7,0.89,655,15.16,148988,77.0,231,4.16,35.6,Fleet,17.88,1052,1971,0.27,508.2,26496
2632,Ford,F-150 Lightning,2024,North America,SUV,81.4,81.4,438,54.5,1.59,1205,22.32,26281,67.1,214,7.34,29.9,Fleet,3.15,1894,1038,0.31,151.54,28731
2292,Tesla,Model 3,2023,Asia,Sedan,57.6,71.1,288,105.4,0.65,363,18.31,125102,95.3,135,7.72,23.7,Commercial,15.01,1763,1421,0.32,610.83,20103
175,Hyundai,Ioniq 5,2016,Asia,Hatchback,90.2,90.4,426,152.9,0.84,409,13.81,69200,72.9,157,4.62,21.9,Commercial,8.3,828,2037,0.22,175.2,26002
1726,Hyundai,Ioniq 5,2024,Australia,SUV,30.3,77.6,138,33.3,1.18,1667,20.94,127179,76.8,179,9.19,32.7,Commercial,15.26,1645,758,0.25,554.82,17928
2176,Ford,Mustang Mach-E,2020,Asia,Truck,74.6,80.1,405,139.6,0.57,1830,16.03,221504,78.7,223,4.14,12.8,Commercial,26.58,1856,1835,0.1,295.89,22184
46,Chevrolet,Bolt EV,2019,North America,Sedan,79.4,86.0,374,224.7,0.48,1953,20.98,28624,36.5,176,7.58,-5.9,Personal,3.43,549,606,0.33,165.15,20441
686,Volkswagen,ID.4,2017,Europe,Sedan,75.1,85.6,367,72.2,1.42,1482,13.59,76835,45.6,196,8.27,8.4,Commercial,9.22,333,1287,0.11,95.72,21658
1608,Ford,Mustang Mach-E,2019,Asia,Hatchback,72.0,99.2,414,54.4,1.5,1060,18.77,163146,80.5,214,4.64,28.4,Fleet,19.58,1774,920,0.22,561.41,19740
1232,Chevrolet,Bolt EV,2019,Europe,Truck,103.3,82.7,599,126.5,0.97,1696,20.43,137645,69.7,212,6.43,1.4,Commercial,16.52,1765,2018,0.09,210.91,25049
863,Tesla,Model X,2016,North America,SUV,55.3,72.3,237,178.1,0.44,708,19.98,132781,83.8,187,6.1,39.3,Personal,15.93,317,2331,0.2,442.16,15743
1966,Tesla,Model S,2018,North America,Hatchback,72.1,97.8,399,209.7,0.47,801,17.63,104859,98.9,246,7.91,8.6,Fleet,12.58,809,2444,0.28,431.35,19765
332,Kia,Niro EV,2022,Australia,Truck,44.3,98.5,255,227.8,0.21,264,16.61,153082,76.8,172,8.05,19.5,Personal,18.37,1812,990,0.17,360.21,17641
94,Chevrolet,Bolt EUV,2021,North America,SUV,41.3,90.6,200,58.9,0.85,925,19.57,54268,71.3,201,5.52,12.8,Commercial,6.51,271,2312,0.1,88.5,16450
1642,Tesla,Model 3,2017,Asia,Hatchback,50.2,71.6,279,164.2,0.39,1436,24.09,227688,41.9,190,9.29,7.3,Personal,27.32,776,1262,0.27,1234.13,15867
2987,Mercedes,EQS,2017,Australia,Sedan,119.3,82.7,698,184.1,0.84,386,23.8,69597,84.0,247,8.89,-3.4,Commercial,8.35,1070,1663,0.18,248.46,30778
507,Nissan,Leaf,2018,Asia,Truck,102.7,85.3,422,139.0,0.79,1610,21.23,208990,86.0,163,9.84,38.3,Commercial,25.08,1977,1653,0.1,369.74,25163
2910,Audi,e-tron,2016,North America,SUV,31.8,83.5,176,57.7,0.74,845,21.92,57656,77.5,240,6.42,13.5,Fleet,6.92,573,1052,0.28,294.89,11950
2046,Tesla,Model 3,2021,Europe,Hatchback,40.5,91.5,173,235.1,0.22,1355,15.59,169336,36.4,217,9.43,-2.1,Personal,20.32,1234,581,0.2,439.99,18616
496,Chevrolet,Bolt EUV,2020,Asia,Truck,65.5,93.8,298,165.5,0.43,1938,12.82,248550,70.0,209,7.62,2.7,Commercial,29.83,1761,1205,0.22,584.18,22083
2133,Hyundai,Kona Electric,2015,Asia,Sedan,65.6,86.9,379,248.5,0.28,1660,17.99,136971,31.6,142,9.35,35.4,Commercial,16.44,532,711,0.16,328.55,20902
1,Nissan,Leaf,2021,Asia,SUV,101.7,75.5,565,153.6,0.82,1438,12.76,117727,53.4,233,8.1,-9.0,Personal,14.13,969,843,0.3,375.55,26483
315,Hyundai,Ioniq 5,2023,Asia,Sedan,117.0,88.8,685,172.6,0.87,1571,24.15,110686,85.3,243,7.3,38.5,Commercial,13.28,737,1420,0.1,222.76,31008
1273,Tesla,Model Y,2016,Australia,Hatchback,68.3,79.4,377,210.0,0.34,353,20.84,75422,51.4,135,9.57,5.3,Personal,9.05,768,2025,0.15,196.47,17998
1942,Mercedes,EQC,2024,Asia,SUV,87.5,93.1,380,148.6,0.68,408,13.26,58255,54.1,176,7.71,-7.1,Fleet,6.99,437,1995,0.23,148.06,26654
2968,Mercedes,EQC,2022,Asia,Sedan,101.3,89.9,586,106.7,1.2,882,17.05,171978,80.7,248,4.81,7.5,Commercial,20.64,1293,1510,0.22,537.57,30052
1317,Volkswagen,ID.3,2024,North America,Hatchback,46.7,99.2,253,210.3,0.32,364,21.66,180839,76.7,178,6.29,-9.1,Fleet,21.7,1532,935,0.16,522.26,18278
756,Kia,Niro EV,2022,Europe,Truck,70.2,82.3,356,70.9,1.07,238,18.43,52922,36.8,193,4.61,-3.2,Commercial,6.35,1369,2440,0.16,130.05,21369
1771,Chevrolet,Bolt EV,2022,North America,SUV,58.0,74.1,293,135.0,0.51,495,12.1,68982,91.5,176,9.78,0.2,Commercial,8.28,540,2300,0.09,62.6,21582
1201,Chevrolet,Bolt EV,2021,Australia,Truck,54.2,73.6,277,53.2,1.19,1265,15.76,65403,57.9,170,9.79,-4.9,Commercial,7.85,1679,734,0.2,171.79,20758
2175,Chevrolet,Bolt EUV,2016,North America,Sedan,53.4,88.9,218,103.4,0.67,649,20.38,176646,35.8,208,7.82,25.5,Commercial,21.2,611,2124,0.33,990.01,16950
1992,Mercedes,EQS,2020,Europe,Hatchback,86.7,71.1,360,30.4,3.19,1289,14.96,48436,75.9,248,5.1,11.5,Commercial,5.81,200,650,0.24,144.92,23791
880,Kia,Niro EV,2020,Australia,Sedan,54.6,88.8,308,180.1,0.37,1384,22.26,32799,72.1,217,3.64,21.4,Fleet,3.94,741,2125,0.35,212.95,19564
766,Volkswagen,ID.4,2015,Asia,Hatchback,115.8,71.6,627,138.2,1.02,1331,13.04,27560,43.4,183,8.7,2.7,Commercial,3.31,535,2468,0.29,86.85,30109
928,Kia,Niro EV,2016,Europe,Hatchback,63.8,99.5,340,239.6,0.35,634,17.24,12837,48.9,182,5.84,39.4,Fleet,1.54,1118,1384,0.1,18.44,21073
2378,Audi,Q4 e-tron,2021,Australia,Truck,45.8,97.6,256,66.0,0.84,816,15.31,25954,87.2,209,6.2,11.4,Fleet,3.11,1897,1287,0.31,102.65,17141
1375,Volkswagen,ID.4,2021,Australia,Hatchback,52.0,91.9,217,94.8,0.59,1754,13.45,27625,97.0,236,9.57,29.0,Personal,3.31,1111,870,0.11,34.06,16582
1815,Volkswagen,ID.3,2018,Australia,SUV,97.1,84.7,505,45.0,2.39,1203,16.76,184275,98.6,131,5.05,14.4,Fleet,22.11,1064,2294,0.21,540.48,28199
1799,Chevrolet,Bolt EV,2024,North America,SUV,67.3,80.0,344,93.7,0.89,405,19.33,151257,73.3,240,9.25,-7.0,Fleet,18.15,1164,2089,0.17,414.2,21497
930,Audi,Q4 e-tron,2019,North America,Sedan,88.8,71.6,410,46.7,2.25,444,18.98,172596,47.9,213,9.28,23.3,Personal,20.71,1213,1513,0.25,682.47,26096
437,Nissan,Leaf,2024,North America,SUV,62.3,99.9,309,127.1,0.58,1592,23.3,150457,61.6,217,7.36,26.0,Commercial,18.05,1187,1341,0.1,292.14,22636
197,Hyundai,Ioniq 5,2017,Australia,SUV,87.1,100.0,366,130.2,0.84,1223,17.63,72055,44.6,207,8.51,-9.9,Commercial,8.65,1678,1536,0.19,201.14,21233
1763,Audi,e-tron,2019,Asia,Hatchback,99.3,99.4,595,222.6,0.62,707,19.73,193861,38.7,187,7.27,-2.7,Fleet,23.26,1130,1153,0.14,446.24,26775
1065,Nissan,Leaf,2015,Europe,Sedan,53.3,87.5,260,16.3,4.61,912,22.27,223735,66.7,235,3.99,13.1,Fleet,26.85,1639,2290,0.29,1204.12,13642
2343,Hyundai,Ioniq 5,2016,Europe,Hatchback,31.2,86.9,154,73.0,0.58,1875,21.11,194821,67.5,229,9.22,-3.9,Personal,23.38,1121,582,0.28,959.62,14687
2529,Tesla,Model X,2016,Asia,Hatchback,68.0,97.7,390,152.2,0.53,1905,15.76,126625,47.7,179,6.76,-3.3,Fleet,15.2,807,837,0.25,415.75,17297
1269,Mercedes,EQC,2020,North America,Sedan,119.5,75.0,666,179.5,0.85,722,17.33,203974,89.7,198,4.95,20.8,Fleet,24.48,567,1506,0.33,972.09,33701
2324,Mercedes,EQS,2017,Australia,Truck,67.0,99.4,316,191.9,0.45,777,19.83,171166,83.4,149,6.42,-3.2,Personal,20.54,1161,1809,0.34,961.7,21550
2780,Chevrolet,Bolt EV,2017,Europe,Hatchback,61.3,85.8,263,16.7,3.88,504,22.02,117528,98.1,164,3.58,26.1,Fleet,14.1,1261,2369,0.3,646.99,19010
2226,Hyundai,Ioniq 5,2021,Asia,Truck,109.7,89.0,443,39.6,3.74,525,22.63,23891,51.7,188,5.29,21.7,Fleet,2.87,1111,2410,0.11,49.56,30582
451,BMW,iX,2018,North America,Hatchback,80.2,99.3,444,36.4,2.46,644,17.99,90374,44.7,136,5.6,17.2,Fleet,10.84,1647,1023,0.16,216.78,21257
2165,BMW,i4,2023,Europe,Truck,33.8,77.7,146,55.8,0.73,587,15.55,208518,71.6,137,5.78,24.1,Commercial,25.02,541,1596,0.28,756.57,15928
2373,Kia,EV6,2021,Asia,SUV,65.0,91.9,359,214.2,0.41,1482,20.41,198775,38.1,157,4.86,-8.1,Commercial,23.85,1274,2332,0.31,1048.06,18334
2013,Audi,Q4 e-tron,2023,North America,Sedan,115.5,78.5,480,208.4,0.58,1724,20.22,205879,84.6,178,8.56,6.2,Fleet,24.71,1987,991,0.23,797.88,32969
271,Ford,Mustang Mach-E,2016,Australia,Sedan,76.2,91.1,447,100.8,0.86,1561,14.22,35676,83.4,241,5.71,15.5,Commercial,4.28,827,642,0.33,139.51,21852
1841,Ford,F-150 Lightning,2018,North America,Hatchback,79.8,80.0,358,205.8,0.53,614,17.07,148041,37.3,230,8.75,-3.2,Personal,17.76,941,2314,0.34,716.0,19736
2935,Nissan,Ariya,2018,Asia,SUV,57.2,90.5,278,58.0,1.12,1296,22.15,59155,54.9,184,4.23,22.6,Personal,7.1,1814,515,0.09,98.27,20794
979,Mercedes,EQS,2020,Europe,Hatchback,37.3,79.5,221,47.6,0.88,920,12.06,88568,37.0,192,8.86,15.2,Fleet,10.63,1070,1798,0.25,222.53,17933
2167,Volkswagen,ID.3,2016,Australia,Sedan,118.2,98.1,537,163.5,0.82,360,18.41,15620,35.4,161,6.29,-9.4,Commercial,1.87,567,658,0.11,26.36,31760
355,Hyundai,Kona Electric,2020,North America,SUV,51.7,77.0,213,55.7,1.11,1150,14.91,230853,56.4,151,9.85,30.4,Fleet,27.7,1722,924,0.23,659.72,16747
1877,Nissan,Ariya,2021,Australia,SUV,87.3,86.1,455,174.2,0.67,1994,20.81,29805,41.5,191,5.48,23.9,Personal,3.58,245,2495,0.26,134.39,25711
185,BMW,i3,2015,Europe,Truck,91.3,84.0,371,242.7,0.4,865,24.75,43635,82.8,199,7.33,8.8,Fleet,5.24,1325,2110,0.13,117.0,24370
2745,Nissan,Ariya,2021,Asia,Truck,45.9,74.2,243,228.3,0.28,476,18.32,243177,86.9,189,8.55,27.9,Fleet,29.18,1037,1928,0.17,631.13,16139
1615,Chevrolet,Bolt EUV,2023,Europe,Hatchback,39.3,70.1,181,46.2,1.13,1939,21.34,15470,53.3,190,7.7,10.2,Fleet,1.86,1827,2097,0.28,77.03,19354
2760,Chevrolet,Bolt EV,2023,Asia,SUV,73.6,97.9,362,171.6,0.49,1805,24.68,174676,47.3,234,9.69,7.8,Commercial,20.96,926,1656,0.26,934.05,22888
1707,Audi,Q4 e-tron,2015,Europe,Hatchback,93.4,95.3,474,88.3,1.29,1084,23.12,28033,95.1,185,3.81,-0.7,Fleet,3.36,673,2203,0.12,64.81,23095
1862,Tesla,Model X,2019,North America,Truck,110.3,81.5,598,166.7,0.89,1490,18.89,63796,45.4,195,3.63,7.6,Commercial,7.66,960,2200,0.22,220.94,31695
247,Kia,Niro EV,2023,North America,Truck,82.3,82.8,419,135.5,0.77,1703,18.73,25176,31.0,212,7.53,27.1,Fleet,3.02,782,1615,0.13,51.08,23067
556,Volkswagen,ID.4,2017,North America,Truck,38.6,71.6,210,30.4,1.44,936,23.41,175231,97.3,196,9.24,36.7,Personal,21.03,902,969,0.27,922.99,10898
1753,Kia,EV6,2023,Australia,SUV,117.5,88.6,671,134.5,1.15,802,17.43,208182,64.5,155,5.94,27.5,Fleet,24.98,739,624,0.22,665.25,31235
1365,Audi,Q4 e-tron,2015,Europe,Truck,49.6,94.9,268,241.1,0.24,1213,20.01,143463,78.1,240,9.38,35.5,Fleet,17.22,1692,1741,0.11,263.15,15383
68,Hyundai,Kona Electric,2016,North America,SUV,31.2,72.6,137,17.3,2.42,1771,20.36,123865,92.5,176,7.56,6.8,Commercial,14.86,1222,1909,0.18,378.28,11429
2619,Nissan,Ariya,2023,Asia,Hatchback,113.3,85.4,562,249.1,0.57,1469,14.5,241853,46.3,151,3.7,6.1,Commercial,29.02,484,1218,0.24,701.37,32814
2285,Kia,Niro EV,2018,Australia,SUV,75.2,77.0,370,175.2,0.53,1487,18.98,227630,54.6,164,3.93,-6.7,Fleet,27.32,755,852,0.09,324.03,21246
533,Volkswagen,ID.3,2020,Asia,SUV,98.1,78.3,569,206.5,0.6,348,21.75,77914,37.1,174,9.95,28.5,Commercial,9.35,691,855,0.22,310.68,30020
2874,Tesla,Model X,2019,Australia,Hatchback,32.8,81.0,133,131.5,0.31,541,20.47,157549,48.0,175,9.17,20.2,Personal,18.91,676,836,0.13,349.38,14714
2706,Hyundai,Ioniq 5,2020,North America,Hatchback,42.7,70.9,229,215.4,0.22,805,17.45,58246,83.0,166,6.93,5.7,Commercial,6.99,1800,913,0.22,186.34,15776
1503,Chevrolet,Bolt EUV,2019,Europe,Sedan,103.3,85.6,601,88.9,1.57,1094,17.68,223382,89.8,224,3.65,16.0,Personal,26.81,549,2268,0.3,987.35,28311
762,Tesla,Model 3,2021,Asia,Hatchback,37.6,90.4,201,170.9,0.24,1549,13.15,106611,63.0,234,3.85,8.0,Commercial,12.79,805,1743,0.25,292.07,16244
2753,BMW,i3,2015,Australia,Truck,107.5,82.9,441,148.2,0.77,1833,20.72,36715,52.1,242,7.05,-7.6,Personal,4.41,489,2006,0.13,82.41,29404
1212,Tesla,Model 3,2015,Australia,Truck,37.2,92.7,149,240.2,0.19,1971,23.91,17713,70.8,179,4.13,29.7,Personal,2.13,643,612,0.09,31.76,11920
2244,Hyundai,Kona Electric,2023,Australia,SUV,58.3,93.6,276,96.6,0.64,1888,18.75,153711,73.6,173,5.32,4.7,Personal,18.45,600,1901,0.27,648.47,22650
1794,Volkswagen,ID.4,2017,Australia,SUV,70.6,75.7,364,58.0,1.35,1989,23.19,11618,90.9,159,7.85,24.2,Fleet,1.39,861,1847,0.09,20.21,20698
536,Chevrolet,Bolt EUV,2021,Asia,Truck,98.4,82.6,579,226.7,0.47,1332,18.62,236973,84.7,156,7.18,25.7,Personal,28.44,443,826,0.33,1213.42,29210
1747,Ford,Mustang Mach-E,2020,North America,SUV,107.4,97.7,432,99.4,1.41,1589,18.44,203752,100.0,176,5.69,16.6,Personal,24.45,743,1773,0.17,532.27,26082
464,Chevrolet,Bolt EUV,2016,North America,Truck,79.0,92.2,435,156.0,0.68,433,12.14,248277,36.0,148,9.3,4.4,Personal,29.79,1762,2139,0.11,276.29,24122
2678,Nissan,Leaf,2018,Asia,Sedan,34.2,85.1,189,240.9,0.19,967,24.79,167176,33.9,230,7.43,2.3,Fleet,20.06,1277,1711,0.32,1105.14,12430
1840,Ford,Mustang Mach-E,2015,Australia,Hatchback,54.0,76.9,222,56.5,1.18,1019,20.13,191440,75.5,225,9.08,-8.6,Personal,22.97,1027,739,0.16,513.82,17446
2863,BMW,i3,2019,North America,Hatchback,37.1,94.9,207,120.0,0.42,1498,16.87,39136,94.4,192,4.44,20.1,Commercial,4.7,1887,2287,0.12,66.02,13101
125,Mercedes,EQS,2019,North America,SUV,32.1,74.6,142,239.8,0.16,465,22.69,79520,63.6,162,9.5,14.4,Commercial,9.54,1333,835,0.29,436.04,12283
179,Mercedes,EQS,2017,Asia,Truck,60.7,72.2,292,85.4,0.82,524,18.9,213559,45.3,205,7.14,-4.7,Personal,25.63,1848,2400,0.34,1143.61,20532
193,Tesla,Model X,2016,Australia,Sedan,94.3,94.7,528,143.0,0.79,1428,23.92,61071,49.0,248,4.53,34.1,Personal,7.33,1983,853,0.27,328.68,23283
2308,BMW,iX,2023,Europe,SUV,89.6,71.0,425,132.4,0.77,1078,14.19,175110,77.9,153,8.16,5.2,Commercial,21.01,345,1686,0.27,559.08,24816
1430,Hyundai,Kona Electric,2015,Asia,Hatchback,92.4,82.0,446,78.1,1.38,829,19.17,8846,97.4,238,9.32,19.8,Fleet,1.06,1532,2049,0.23,32.5,24157
1692,Nissan,Leaf,2016,Europe,SUV,38.7,94.0,196,48.5,0.98,1329,17.37,142845,53.8,149,3.7,4.5,Fleet,17.14,281,515,0.18,372.18,13891
742,Ford,Mustang Mach-E,2015,Australia,SUV,72.4,94.6,307,216.0,0.36,1017,17.66,14404,45.2,184,8.33,-1.0,Personal,1.73,1207,1537,0.28,59.35,17987
1035,Chevrolet,Bolt EUV,2016,Europe,Sedan,112.6,72.3,546,138.2,0.88,1458,21.14,57890,98.0,182,8.15,-6.3,Personal,6.95,837,540,0.28,285.55,30281
1967,Ford,F-150 Lightning,2023,Australia,Truck,111.8,88.1,640,74.1,1.87,481,17.93,85615,91.0,238,6.19,15.0,Personal,10.27,1291,2113,0.09,115.13,28535
479,Chevrolet,Bolt EV,2020,Europe,Hatchback,54.2,70.6,295,18.8,3.4,889,24.99,6909,63.9,160,5.37,20.2,Fleet,0.83,441,1466,0.11,15.83,19480
1028,Nissan,Leaf,2024,Australia,SUV,67.0,88.0,289,61.3,1.42,1769,18.82,16226,87.0,198,5.43,5.3,Commercial,1.95,1343,2158,0.28,71.25,20411
2602,Nissan,Ariya,2020,Asia,Hatchback,60.6,78.5,331,210.9,0.33,1587,21.47,41085,89.7,146,4.72,36.3,Personal,4.93,1722,1217,0.25,183.77,19732
369,Mercedes,EQC,2018,Asia,Truck,49.4,99.0,268,239.8,0.26,1509,15.9,26209,66.8,142,7.52,24.0,Fleet,3.15,947,781,0.22,76.4,15315
2524,Mercedes,EQC,2020,Europe,SUV,54.0,99.2,270,215.7,0.33,769,18.38,218951,86.6,139,3.52,32.2,Commercial,26.27,946,1253,0.31,1039.62,19914
846,Ford,F-150 Lightning,2022,Australia,Hatchback,43.3,83.6,249,111.7,0.43,236,20.18,226437,92.3,170,6.09,-4.0,Fleet,27.17,1035,1753,0.1,380.79,16391
257,BMW,i4,2023,Asia,Hatchback,36.3,86.6,199,204.7,0.22,815,21.17,146013,70.6,210,8.94,-1.5,Personal,17.52,1627,933,0.29,747.01,18134
1223,Tesla,Model X,2022,Australia,Sedan,56.7,96.6,261,181.6,0.37,1909,12.82,108427,55.8,149,9.51,18.6,Commercial,13.01,366,799,0.32,370.68,19667
1993,BMW,i3,2016,Asia,Truck,58.7,93.4,244,52.0,1.38,1016,19.41,236972,88.9,246,8.61,17.6,Personal,28.44,773,1180,0.3,1149.91,16287
212,Mercedes,EQS,2015,North America,Sedan,100.9,77.5,517,96.7,1.21,313,23.73,160801,94.3,245,3.68,32.0,Fleet,19.3,1264,604,0.14,445.18,27512
2690,Mercedes,EQC,2015,North America,Hatchback,89.0,99.5,442,105.5,1.11,1285,15.29,91248,40.5,159,5.95,3.1,Personal,10.95,1604,1693,0.18,209.28,19804
1950,Chevrolet,Bolt EUV,2019,Europe,SUV,92.5,86.2,552,97.4,1.06,357,12.7,100736,37.8,214,4.57,-2.0,Fleet,12.09,259,900,0.29,309.18,23827
1363,BMW,iX,2020,Asia,SUV,44.9,98.7,199,120.4,0.51,1690,15.37,229478,54.7,171,7.2,8.7,Personal,27.54,1827,1526,0.12,352.71,17671
2152,Tesla,Model S,2020,Asia,SUV,43.5,83.2,191,105.0,0.5,1208,20.65,59860,69.4,229,7.69,0.5,Commercial,7.18,1841,970,0.31,319.33,16957
2154,Hyundai,Kona Electric,2021,Asia,Truck,59.6,83.9,339,235.1,0.31,781,24.62,156688,41.0,135,5.54,16.4,Personal,18.8,1586,2486,0.3,964.41,18432
568,Audi,Q4 e-tron,2023,Europe,SUV,117.7,71.4,554,61.9,2.14,1944,18.69,90603,63.8,181,7.35,-6.4,Personal,10.87,956,622,0.1,141.11,31570
2207,Kia,Niro EV,2024,Europe,SUV,53.5,79.7,305,212.0,0.35,668,12.31,56730,59.0,244,4.51,4.5,Commercial,6.81,417,1822,0.15,87.29,19562
2094,Ford,F-150 Lightning,2016,Australia,Hatchback,86.2,79.5,458,101.5,1.08,980,17.81,60814,88.5,187,6.7,-5.4,Personal,7.3,1517,2237,0.26,234.67,22444
1711,Mercedes,EQC,2019,Australia,SUV,78.1,84.9,366,51.3,1.67,1784,21.77,165470,47.1,223,7.76,31.4,Commercial,19.86,1300,1315,0.21,630.4,21821
1264,BMW,iX,2018,Australia,SUV,76.2,72.5,376,234.0,0.37,325,12.46,55603,77.2,173,3.71,30.6,Personal,6.67,422,2015,0.23,132.79,22022
2124,Ford,Mustang Mach-E,2022,Asia,Sedan,117.6,80.3,592,72.9,1.86,784,16.07,169310,69.7,205,5.95,17.0,Fleet,20.32,223,1813,0.24,544.16,32322
799,Tesla,Model X,2022,Europe,Sedan,114.1,99.3,625,71.3,2.09,1304,19.64,147712,96.4,131,7.38,13.6,Personal,17.73,573,2424,0.2,483.51,29031
81,Mercedes,EQS,2023,North America,SUV,55.0,97.3,224,37.2,1.85,1163,14.84,48001,85.9,230,4.08,10.9,Fleet,5.76,1663,1842,0.34,201.83,19542
33,Tesla,Model 3,2016,North America,Sedan,117.2,90.6,664,218.2,0.59,1397,21.11,44081,57.8,156,8.09,-5.9,Commercial,5.29,1388,1945,0.35,271.41,26520
415,Tesla,Model 3,2024,Australia,Truck,35.0,82.8,172,232.9,0.17,1299,17.17,97244,34.6,199,9.44,39.1,Personal,11.67,1612,1505,0.3,417.42,18561
1805,BMW,iX,2020,Australia,Hatchback,94.2,70.7,486,211.9,0.56,633,19.22,19472,95.1,217,8.89,26.2,Commercial,2.34,235,1738,0.27,84.21,28743
2214,Hyundai,Kona Electric,2020,Australia,SUV,51.9,78.4,269,226.6,0.27,1073,14.37,230322,48.2,132,4.08,20.1,Commercial,27.64,437,2202,0.12,330.97,15966
1322,Mercedes,EQS,2016,Asia,Truck,65.2,87.2,390,216.3,0.43,210,18.13,201867,73.8,242,8.97,27.3,Fleet,24.22,955,2029,0.25,762.47,21059
1568,Kia,Niro EV,2023,Europe,SUV,47.1,74.6,221,109.5,0.46,1301,12.64,201087,65.4,133,5.5,-2.3,Commercial,24.13,742,909,0.1,211.81,16946
784,Hyundai,Kona Electric,2021,Asia,Hatchback,39.4,95.7,182,243.1,0.22,938,14.47,126246,46.2,174,9.98,16.2,Commercial,15.15,902,578,0.19,289.24,14428
2992,Ford,Mustang Mach-E,2024,Asia,Hatchback,99.3,99.8,550,95.0,1.22,1787,21.62,209012,93.0,168,5.43,3.7,Personal,25.08,416,2082,0.33,1242.68,31985
1413,Audi,Q4 e-tron,2015,Asia,Truck,47.0,82.3,199,50.8,1.14,598,13.21,90839,60.0,139,6.05,37.8,Fleet,10.9,1176,1760,0.27,270.0,15108
458,Nissan,Leaf,2016,North America,Truck,95.7,96.7,394,118.6,1.07,1642,12.73,136001,51.2,201,7.57,-7.3,Personal,16.32,754,1618,0.22,317.4,25823
140,BMW,i4,2015,Europe,Sedan,75.8,78.9,388,175.6,0.47,1590,23.4,106604,41.2,235,7.13,30.6,Personal,12.79,1484,1014,0.35,727.57,18519
2231,BMW,iX,2022,Europe,SUV,72.9,86.4,378,170.6,0.46,813,12.58,178252,86.7,203,9.46,3.6,Fleet,21.39,1793,853,0.32,597.98,22474
1026,Chevrolet,Bolt EUV,2022,Australia,Hatchback,78.4,74.3,342,224.1,0.5,1766,13.78,178499,69.2,175,6.07,21.2,Personal,21.42,1506,972,0.28,573.93,22864
89,Chevrolet,Bolt EUV,2019,Europe,Truck,39.2,98.1,210,27.2,1.86,1240,22.02,68888,70.8,194,3.88,-6.3,Fleet,8.27,409,805,0.35,442.43,15809
1443,Chevrolet,Bolt EUV,2023,North America,Truck,43.7,71.3,200,218.1,0.26,1354,20.74,153915,99.8,228,4.74,-2.2,Fleet,18.47,1420,608,0.12,319.22,20275
1832,Mercedes,EQC,2021,Europe,Truck,77.8,71.3,388,41.0,2.09,1661,12.48,20515,66.5,198,5.08,21.9,Personal,2.46,700,2045,0.16,34.14,22139
2577,Nissan,Ariya,2024,Asia,Hatchback,38.3,83.6,182,81.5,0.5,937,19.97,249294,88.0,237,6.86,18.5,Personal,29.92,634,1857,0.22,912.71,16349
255,Nissan,Ariya,2017,Asia,Truck,69.8,91.2,333,65.7,1.25,850,24.08,208446,73.3,192,4.88,39.8,Fleet,25.01,979,2085,0.26,1087.53,22338
606,Tesla,Model 3,2022,North America,Hatchback,93.6,85.0,537,41.2,2.61,1282,24.52,39017,64.4,242,6.63,8.8,Personal,4.68,1838,553,0.09,71.75,25589
1045,Kia,Niro EV,2022,Europe,Sedan,86.6,74.4,514,185.4,0.61,941,21.72,200139,37.6,226,3.77,30.5,Fleet,24.02,1688,549,0.17,615.83,27715
569,Hyundai,Ioniq 5,2022,North America,SUV,97.7,92.6,530,171.0,0.7,453,12.5,24159,88.9,198,6.75,7.9,Fleet,2.9,288,2438,0.25,62.91,28221
1733,Ford,F-150 Lightning,2022,North America,Sedan,114.2,82.4,637,167.3,0.92,498,17.37,9061,92.7,163,6.44,15.5,Personal,1.09,1393,512,0.3,39.35,33712
2543,BMW,i3,2016,North America,SUV,93.3,85.6,416,126.7,0.9,349,13.12,65059,71.1,185,5.2,30.7,Fleet,7.81,1877,2370,0.2,142.26,23085
858,Chevrolet,Bolt EUV,2024,Asia,Hatchback,37.6,71.4,158,93.1,0.48,1662,13.3,187356,86.6,224,6.38,-5.6,Personal,22.48,238,1775,0.29,602.19,16646
2473,Mercedes,EQS,2015,Australia,SUV,107.4,81.3,500,93.9,1.42,1439,18.98,248439,35.5,168,7.01,1.5,Commercial,29.81,1899,2187,0.35,1375.32,23642
818,Volkswagen,ID.4,2021,North America,Truck,93.3,71.3,542,126.8,0.9,1353,22.95,11734,62.8,199,8.09,14.5,Commercial,1.41,1800,1818,0.08,17.95,29282
2031,BMW,iX,2020,Asia,Sedan,116.9,74.8,594,87.7,1.6,1369,18.18,169799,76.3,151,8.96,8.6,Personal,20.38,874,1214,0.29,746.01,30315
1878,Audi,Q4 e-tron,2023,Asia,Sedan,37.4,81.4,162,166.2,0.25,835,14.87,45239,61.3,230,6.0,30.1,Commercial,5.43,1239,715,0.28,156.96,15713
142,Kia,Niro EV,2020,Asia,Hatchback,104.9,70.3,576,192.3,0.63,1978,22.95,190413,91.4,230,4.31,9.3,Commercial,22.85,1355,1543,0.29,1056.08,26138
444,Ford,F-150 Lightning,2023,Europe,Hatchback,114.7,75.5,588,101.1,1.21,622,20.39,10796,98.8,189,3.79,-2.8,Fleet,1.3,1353,1116,0.08,14.68,33991
1175,Mercedes,EQC,2024,Europe,Truck,80.1,84.8,386,71.3,1.4,1705,15.79,70316,51.0,206,3.66,14.7,Commercial,8.44,657,1190,0.35,323.83,28199
487,Ford,F-150 Lightning,2016,Europe,SUV,96.9,92.5,449,126.6,0.99,1930,21.89,11861,50.0,146,3.84,27.7,Personal,1.42,1196,1421,0.14,30.29,23575
882,Ford,Mustang Mach-E,2021,Australia,SUV,116.3,98.8,568,165.0,0.83,1823,12.72,167495,34.5,138,5.69,4.8,Fleet,20.1,330,1975,0.32,568.14,33856
2565,Chevrolet,Bolt EUV,2020,Asia,SUV,116.6,76.6,637,135.1,1.1,1004,23.4,120397,50.5,169,8.18,-1.3,Personal,14.45,1095,1471,0.15,352.16,32869
1085,Kia,Niro EV,2019,Australia,Sedan,84.2,75.5,382,108.7,0.89,341,21.77,66684,83.8,163,5.94,34.1,Personal,8.0,399,904,0.32,387.12,23619
1300,Kia,EV6,2018,Asia,Sedan,101.3,84.8,578,141.5,0.89,1497,18.88,126921,81.4,171,3.58,28.5,Fleet,15.23,348,1717,0.3,599.07,28858
176,Tesla,Model Y,2017,Asia,SUV,78.1,74.3,314,111.9,0.9,1534,19.5,167777,93.7,191,7.13,7.2,Personal,20.13,1502,1931,0.26,708.86,22238
1095,Volkswagen,ID.3,2019,Asia,SUV,108.2,84.2,544,210.8,0.58,1763,20.57,153496,63.6,133,9.74,38.4,Commercial,18.42,1388,2132,0.18,473.61,27635
2701,Nissan,Ariya,2015,Asia,Sedan,94.2,80.3,487,248.2,0.49,1159,20.58,20020,95.1,133,8.59,-6.9,Commercial,2.4,1812,722,0.29,99.57,24650
2847,BMW,i4,2017,Australia,Sedan,54.3,72.7,238,248.1,0.27,309,24.08,112919,44.3,130,9.98,14.9,Fleet,13.55,1868,1032,0.3,679.77,17542
1964,Hyundai,Ioniq 5,2016,North America,Sedan,43.3,73.9,228,89.4,0.63,1037,12.36,47232,70.9,228,8.1,17.3,Commercial,5.67,694,534,0.17,82.7,11739
2682,BMW,i4,2016,Australia,Hatchback,109.7,88.7,446,126.0,0.95,1108,12.54,152771,77.2,222,9.8,-5.8,Personal,18.33,1714,1608,0.15,239.47,26375
2098,Tesla,Model Y,2022,Europe,Sedan,83.0,96.6,401,170.9,0.57,1799,14.43,193001,44.7,235,6.79,24.7,Commercial,23.16,253,695,0.19,440.96,27312
2156,BMW,iX,2021,Asia,Sedan,103.4,85.3,480,88.4,1.5,1161,22.96,173233,52.3,249,3.99,31.4,Commercial,20.79,1572,1266,0.32,1060.65,26985
1557,Nissan,Ariya,2020,North America,Sedan,77.2,76.7,439,206.6,0.47,1372,22.86,7728,78.3,144,7.93,39.1,Commercial,0.93,846,534,0.29,42.69,24573
1671,Chevrolet,Bolt EUV,2019,North America,Hatchback,115.2,91.8,463,38.8,3.19,1116,12.5,198619,73.2,165,6.34,1.8,Commercial,23.83,1311,751,0.23,475.86,31546
178,Hyundai,Ioniq 5,2024,Australia,Sedan,63.3,70.8,302,136.7,0.56,1891,17.6,73803,33.1,194,5.75,-2.3,Personal,8.86,1892,1725,0.25,270.61,22284
1079,Volkswagen,ID.3,2017,North America,Truck,57.7,73.8,318,214.3,0.35,1657,17.75,59781,67.3,135,6.11,12.9,Fleet,7.17,1215,1757,0.28,247.59,17325
599,Kia,Niro EV,2019,Australia,Hatchback,73.3,86.6,385,72.5,1.08,962,24.19,110576,30.7,136,5.67,12.5,Fleet,13.27,961,2378,0.2,445.81,20830
2191,Ford,Mustang Mach-E,2018,Europe,SUV,87.4,89.3,456,49.2,2.18,1456,16.53,103235,70.3,222,8.43,-2.8,Personal,12.39,1472,1235,0.14,199.09,26788
2532,Hyundai,Ioniq 5,2024,Europe,Hatchback,110.1,83.7,450,185.2,0.82,1364,23.89,135568,40.8,182,8.28,3.7,Commercial,16.27,597,968,0.14,377.85,34259
2668,Audi,Q4 e-tron,2024,Australia,SUV,30.2,98.0,134,175.6,0.21,327,17.95,141054,95.0,179,9.06,9.5,Commercial,16.93,1841,2141,0.09,189.89,13723
2787,Nissan,Leaf,2024,Asia,SUV,108.8,80.8,529,63.8,2.11,1053,15.83,211534,64.9,212,7.29,1.0,Fleet,25.38,1034,2250,0.29,809.24,30375
480,Chevrolet,Bolt EUV,2020,Australia,Hatchback,58.8,97.2,257,158.1,0.46,1435,16.51,137139,78.4,159,9.67,3.4,Fleet,16.46,1051,1011,0.09,169.81,19896
1968,Tesla,Model S,2022,Europe,Hatchback,99.3,77.5,592,53.9,1.98,524,16.84,76860,62.1,198,8.41,16.3,Fleet,9.22,631,1378,0.24,258.86,30960
1058,Ford,Mustang Mach-E,2022,North America,Truck,37.4,82.9,211,124.1,0.33,503,14.93,67714,96.4,220,5.83,12.8,Commercial,8.13,865,1644,0.18,151.65,17981
2269,Hyundai,Kona Electric,2021,Asia,Hatchback,118.8,70.6,635,156.4,0.88,1637,14.33,239551,60.1,183,3.99,9.7,Fleet,28.75,1264,1357,0.23,657.95,33617
534,Ford,F-150 Lightning,2015,North America,Truck,118.3,74.0,547,127.0,1.14,522,19.7,183168,40.1,199,7.43,18.0,Personal,21.98,800,1669,0.22,661.54,29772
1104,Hyundai,Ioniq 5,2022,North America,SUV,38.4,93.7,159,27.4,1.68,729,19.62,21151,59.6,189,3.95,7.4,Personal,2.54,200,2078,0.26,89.91,14402
1107,Ford,F-150 Lightning,2016,North America,Sedan,113.4,89.6,660,210.2,0.62,599,21.89,96634,45.6,193,4.31,7.3,Fleet,11.6,1597,1543,0.35,616.97,25609
2928,Nissan,Ariya,2016,Australia,Hatchback,37.9,71.8,183,58.9,0.72,1840,16.69,198761,78.0,135,6.32,-7.2,Fleet,23.85,1879,1979,0.21,580.53,15356
1124,Audi,e-tron,2020,Australia,SUV,91.3,79.5,499,89.9,1.39,602,12.62,244939,90.8,154,8.61,-1.5,Personal,29.39,363,823,0.28,721.26,25696
943,Tesla,Model X,2016,Europe,SUV,72.9,71.5,380,108.2,0.86,1102,20.6,70950,36.5,247,4.23,-6.4,Personal,8.51,568,2015,0.27,328.85,22710
163,Hyundai,Ioniq 5,2018,Europe,Hatchback,108.4,93.0,604,169.9,0.83,1960,23.36,27746,69.2,220,6.03,9.0,Personal,3.33,341,1111,0.18,97.22,27786
1552,BMW,i4,2016,Australia,Hatchback,92.6,98.3,429,90.8,1.12,1307,24.62,172086,65.5,167,9.81,35.5,Commercial,20.65,1358,1578,0.29,1023.88,24735
966,Audi,e-tron,2017,Australia,SUV,116.4,78.3,522,145.7,0.88,1881,24.39,7669,74.2,140,3.52,-8.0,Personal,0.92,1287,2413,0.13,20.26,31103
472,Ford,F-150 Lightning,2020,Australia,Sedan,67.3,90.9,305,249.8,0.36,1230,12.49,75198,84.3,191,9.79,17.0,Commercial,9.02,432,853,0.34,266.11,20843
845,Chevrolet,Bolt EV,2018,Europe,SUV,83.8,83.1,499,96.1,1.02,1681,20.48,85636,61.2,152,5.15,28.2,Personal,10.28,330,1354,0.17,248.46,20547
999,Audi,e-tron,2019,North America,Truck,35.8,92.0,166,93.9,0.51,851,22.96,109152,51.0,175,6.53,40.0,Personal,13.1,1376,1626,0.18,375.92,16788
1905,BMW,i4,2023,Australia,Truck,107.3,70.1,480,22.1,6.67,1098,14.36,61228,85.8,235,6.55,12.9,Personal,7.35,1982,2056,0.2,146.54,29874
31,Hyundai,Kona Electric,2015,Asia,Sedan,78.1,84.9,373,82.1,1.31,1835,12.14,209008,89.3,138,5.58,37.5,Fleet,25.08,1607,2087,0.23,486.33,22157
2891,Ford,F-150 Lightning,2019,Europe,Sedan,104.2,71.8,531,81.6,1.71,1970,24.02,110431,34.0,160,3.66,26.4,Commercial,13.25,1607,2005,0.21,464.2,26903
424,Nissan,Ariya,2021,Australia,Truck,109.1,75.9,643,60.1,2.13,1867,19.09,70140,96.2,157,6.89,13.5,Fleet,8.42,746,1635,0.3,334.74,27601
512,BMW,i3,2023,Asia,Sedan,30.9,72.3,156,215.2,0.2,469,14.69,20916,88.9,164,6.81,13.0,Personal,2.51,1508,1797,0.31,79.37,16713
2759,Ford,Mustang Mach-E,2021,Australia,Sedan,65.4,82.0,287,82.9,1.01,1367,18.02,214556,47.6,240,4.23,37.7,Commercial,25.75,326,1979,0.32,1031.01,21498
2738,Mercedes,EQS,2015,Europe,Sedan,77.9,87.8,465,246.4,0.37,1307,19.24,78785,95.6,235,10.0,-5.8,Commercial,9.45,1812,1468,0.22,277.9,22548
1394,Tesla,Model Y,2019,North America,Truck,81.7,96.9,470,112.5,0.9,645,13.64,52611,94.8,141,9.7,3.9,Commercial,6.31,1671,2151,0.32,191.36,21818
1587,Audi,Q4 e-tron,2023,Europe,Hatchback,40.3,96.1,209,214.1,0.21,1594,23.93,233582,79.9,133,5.52,-0.5,Personal,28.03,1879,2010,0.1,465.8,18009
1930,Audi,Q4 e-tron,2019,Australia,Sedan,118.1,80.6,581,167.1,0.82,542,12.74,40847,85.6,132,4.45,27.0,Commercial,4.9,1595,1463,0.17,73.72,28818
2498,Ford,Mustang Mach-E,2021,Europe,Hatchback,59.7,77.3,262,151.7,0.48,1577,12.28,23467,62.3,157,10.0,-1.8,Fleet,2.82,852,2263,0.2,48.03,21792
788,Mercedes,EQS,2021,Australia,SUV,78.3,92.6,335,94.2,1.04,384,24.08,129451,93.8,147,4.62,7.9,Commercial,15.53,366,1613,0.25,649.41,25182
2637,Ford,F-150 Lightning,2023,Australia,Truck,37.4,80.8,186,114.0,0.43,1559,23.91,58971,80.3,223,4.92,36.1,Commercial,7.08,1478,1243,0.19,223.25,18806
2539,Chevrolet,Bolt EUV,2017,Europe,Truck,62.8,89.3,352,76.7,0.93,754,17.89,74966,72.2,153,3.74,34.0,Fleet,9.0,1508,741,0.18,201.17,18632
403,Tesla,Model 3,2016,Europe,Sedan,100.1,85.7,528,198.9,0.63,1008,21.31,110723,56.7,232,7.9,-6.8,Fleet,13.29,1709,544,0.28,550.55,26443
434,Kia,EV6,2024,North America,Sedan,43.9,88.8,178,164.8,0.35,1849,16.49,122116,52.4,137,9.23,38.0,Commercial,14.65,1338,1799,0.27,453.08,16543
1152,Chevrolet,Bolt EV,2024,Asia,Sedan,67.4,79.0,276,188.9,0.4,1892,24.28,24477,47.1,195,5.08,-1.6,Personal,2.94,1406,896,0.29,143.62,23294
74,Audi,e-tron,2015,Asia,Hatchback,74.7,87.9,348,195.2,0.53,912,16.57,59912,64.7,172,7.39,13.0,Personal,7.19,330,2021,0.3,248.19,22381
1537,Volkswagen,ID.3,2015,North America,Sedan,96.8,85.2,418,148.9,0.7,1659,15.63,247696,56.4,221,5.79,12.4,Personal,29.72,1398,2038,0.11,354.89,24428
2710,Chevrolet,Bolt EUV,2015,Europe,SUV,71.1,93.2,314,154.4,0.55,787,14.54,50932,96.5,230,7.78,28.9,Personal,6.11,936,2290,0.24,148.11,16983
622,Hyundai,Kona Electric,2017,Australia,Sedan,44.1,83.1,211,188.7,0.28,357,15.82,17938,45.9,228,4.54,7.0,Commercial,2.15,1812,1568,0.24,56.76,17592
1438,Nissan,Leaf,2015,North America,Hatchback,108.9,85.8,624,73.7,1.99,1525,18.63,21972,40.3,197,6.25,4.2,Commercial,2.64,1612,508,0.13,44.34,29460
1560,Volkswagen,ID.3,2018,Europe,Hatchback,64.2,88.0,331,163.1,0.5,1519,21.23,235980,39.3,209,9.25,-3.0,Personal,28.32,1319,1975,0.29,1210.72,19300
1567,Tesla,Model S,2016,North America,Hatchback,93.0,99.9,378,26.6,4.86,582,16.97,91136,73.6,195,6.47,0.8,Fleet,10.94,393,1205,0.24,309.32,24514
325,Chevrolet,Bolt EV,2017,Asia,Hatchback,34.6,81.9,173,126.5,0.34,321,13.89,92939,30.5,196,3.96,18.7,Personal,11.15,1556,1718,0.32,344.25,11074
333,Tesla,Model 3,2015,Asia,Truck,89.0,76.0,412,64.7,1.92,1526,12.33,153137,63.1,177,7.17,3.1,Personal,18.38,848,744,0.23,361.9,22964
1393,Mercedes,EQS,2016,North America,Truck,47.2,77.7,214,165.2,0.4,1014,14.45,236030,87.3,232,8.25,8.5,Commercial,28.32,1162,1432,0.09,255.8,16764
651,Volkswagen,ID.3,2018,North America,SUV,64.7,92.2,312,187.1,0.47,357,18.8,83712,47.4,236,8.73,29.6,Fleet,10.05,788,2120,0.19,249.18,19496
2237,Tesla,Model S,2015,Asia,SUV,35.4,84.6,153,161.5,0.27,1465,17.27,188799,66.3,231,5.42,31.1,Commercial,22.66,1023,1863,0.19,516.26,10771
1534,Ford,F-150 Lightning,2021,North America,Truck,76.5,72.9,419,37.1,2.57,1374,12.02,135591,88.9,197,5.4,21.5,Personal,16.27,844,1974,0.24,325.96,25285
2164,Kia,Niro EV,2024,North America,Truck,48.8,72.7,235,94.9,0.62,1552,13.46,215149,49.6,172,6.38,19.4,Commercial,25.82,1605,957,0.23,555.05,21617
544,Chevrolet,Bolt EV,2018,North America,SUV,36.0,99.7,146,167.5,0.27,1311,23.28,108627,67.2,218,6.12,0.4,Fleet,13.04,738,713,0.14,295.03,13930
2959,Tesla,Model S,2019,North America,Hatchback,117.7,72.3,493,174.1,0.76,1316,21.98,43394,41.6,192,5.68,-0.5,Fleet,5.21,1195,1750,0.1,79.48,27998
1819,Audi,e-tron,2020,Asia,SUV,68.2,95.0,338,151.1,0.49,595,24.29,246015,90.3,217,5.82,39.0,Personal,29.52,1798,765,0.14,697.17,18904
1625,BMW,iX,2020,Europe,SUV,103.5,93.1,485,176.0,0.84,859,13.8,20877,73.4,138,5.96,-7.0,Personal,2.51,1194,1337,0.26,62.42,29807
1178,Nissan,Leaf,2019,Europe,Sedan,33.4,85.0,190,151.5,0.29,1823,17.56,224742,92.4,249,5.98,-3.1,Fleet,26.97,993,1029,0.15,493.31,12049
680,Chevrolet,Bolt EV,2017,North America,Truck,67.8,85.2,279,210.4,0.36,1137,18.46,91569,87.3,197,4.6,-3.7,Fleet,10.99,1905,1058,0.24,338.07,19134
2097,Hyundai,Kona Electric,2024,North America,Hatchback,30.4,90.2,158,187.3,0.18,1434,21.58,128332,84.3,157,3.92,39.4,Commercial,15.4,990,2440,0.34,784.66,13355
2030,Mercedes,EQS,2020,Australia,Hatchback,74.9,97.5,383,72.0,1.47,427,19.44,51169,82.3,225,6.9,29.2,Commercial,6.14,1371,1910,0.22,182.37,23072
1660,Tesla,Model Y,2021,Australia,Sedan,81.9,83.4,436,210.2,0.51,1338,18.7,150050,45.0,157,7.69,-5.4,Commercial,18.01,420,508,0.26,607.95,21428
1638,Nissan,Ariya,2024,Asia,Truck,42.1,94.4,217,195.8,0.26,1352,22.12,104464,69.1,138,5.01,38.1,Personal,12.54,1866,2027,0.15,288.84,16769
240,Volkswagen,ID.3,2024,Australia,Truck,109.3,73.6,575,150.1,1.0,1457,19.9,228437,41.7,176,6.04,1.7,Fleet,27.41,1605,911,0.23,871.3,31141
2125,Volkswagen,ID.3,2017,North America,SUV,48.7,96.5,279,19.0,2.94,292,12.72,7733,93.6,249,4.66,31.7,Fleet,0.93,206,2345,0.28,22.95,13948
2620,Hyundai,Kona Electric,2016,North America,Sedan,85.7,93.3,504,229.7,0.4,854,17.34,157073,45.8,234,7.12,37.7,Personal,18.85,1292,1888,0.26,590.12,20347
2291,Kia,EV6,2015,North America,Sedan,60.2,84.6,240,225.9,0.35,619,12.78,102389,49.5,207,6.33,16.0,Fleet,12.29,529,1648,0.18,196.28,18970
765,Ford,Mustang Mach-E,2020,Asia,Hatchback,106.1,97.3,598,41.6,2.69,1033,21.28,166064,93.6,173,3.53,22.3,Personal,19.93,691,2431,0.16,471.18,29950
1129,Audi,e-tron,2017,Asia,Hatchback,68.1,85.8,347,104.0,0.69,207,17.95,11185,98.5,199,6.35,-9.1,Commercial,1.34,884,2470,0.23,38.48,22338
1886,Ford,F-150 Lightning,2019,Asia,Sedan,98.4,95.1,412,145.5,0.76,552,16.04,155044,66.8,182,4.77,23.8,Personal,18.61,1033,611,0.32,663.17,25196
1117,Chevrolet,Bolt EUV,2015,Europe,Truck,85.6,74.2,504,234.0,0.48,1959,20.87,31093,95.2,143,5.31,-1.0,Personal,3.73,857,515,0.13,70.3,21537
1103,Audi,e-tron,2024,Asia,SUV,91.8,71.0,517,58.9,1.84,592,24.24,122529,92.3,221,9.15,3.9,Commercial,14.7,1915,1138,0.16,396.01,29991
2848,Hyundai,Kona Electric,2020,North America,Sedan,81.5,79.6,440,167.5,0.61,753,20.99,20639,96.0,186,5.58,36.1,Fleet,2.48,477,1662,0.14,50.54,26731
2331,Kia,EV6,2022,Asia,Truck,115.2,79.1,466,26.2,4.92,1324,21.42,15892,40.0,231,5.66,8.7,Commercial,1.91,1796,1740,0.14,39.71,32113
1362,Nissan,Leaf,2024,Asia,Hatchback,49.7,92.0,250,13.8,4.34,621,24.5,12017,69.6,219,8.45,16.2,Fleet,1.44,884,678,0.28,68.7,22329
2317,Hyundai,Kona Electric,2016,Europe,SUV,88.8,72.4,364,103.8,1.21,418,12.07,51458,35.3,201,7.58,17.1,Personal,6.17,1774,1886,0.32,165.63,22107
1408,Mercedes,EQS,2019,Europe,Sedan,64.8,94.1,309,59.9,1.51,760,23.16,138737,61.1,161,5.52,6.3,Personal,16.65,1518,1955,0.32,856.84,20910
2530,Kia,Niro EV,2020,Australia,Truck,103.4,98.1,453,192.5,0.69,1018,12.99,30847,90.4,210,7.32,27.7,Fleet,3.7,1616,678,0.21,70.12,29573
344,Ford,F-150 Lightning,2017,Europe,Hatchback,57.5,71.9,250,12.2,5.81,887,16.27,96319,46.5,188,8.78,37.3,Fleet,11.56,1959,2249,0.31,404.84,16170
1106,Tesla,Model X,2023,Asia,SUV,76.2,92.2,443,231.1,0.4,1813,19.43,33604,95.5,215,4.99,2.5,Commercial,4.03,1298,1168,0.22,119.7,23299
2593,Chevrolet,Bolt EV,2016,Europe,Sedan,40.4,84.3,190,243.6,0.23,783,14.73,248329,98.8,249,7.48,22.2,Fleet,29.8,1562,2001,0.35,1066.88,11463
558,Nissan,Leaf,2018,Australia,Sedan,52.8,96.5,270,55.4,1.26,1908,12.29,22790,83.9,211,8.83,4.3,Personal,2.73,211,1332,0.29,67.69,18761
1476,BMW,i3,2023,Asia,Hatchback,82.2,92.0,339,152.8,0.57,1728,17.23,186924,96.5,220,4.63,34.6,Fleet,22.43,1930,1989,0.15,402.59,25320
2704,Ford,Mustang Mach-E,2015,Asia,SUV,77.4,85.1,375,218.3,0.38,1052,24.54,174040,52.1,191,7.51,-3.4,Personal,20.88,655,2402,0.3,1067.74,18309
595,Tesla,Model Y,2022,Australia,SUV,81.2,80.9,447,72.5,1.28,1122,12.73,19925,61.4,142,6.09,16.1,Personal,2.39,327,1002,0.16,33.82,24695
1558,BMW,i3,2016,Australia,Truck,75.7,76.1,418,68.7,1.26,1137,12.01,135030,100.0,237,5.71,-2.7,Fleet,16.2,511,2106,0.32,432.46,20495
412,Ford,Mustang Mach-E,2018,Europe,Hatchback,86.3,72.3,364,22.8,4.95,1649,23.69,221250,57.0,216,8.84,38.5,Personal,26.55,423,653,0.22,960.93,25201
1056,Hyundai,Ioniq 5,2019,Australia,Hatchback,110.5,97.9,657,235.4,0.61,1263,23.48,72238,86.4,144,9.66,34.1,Commercial,8.67,1552,1430,0.11,155.48,27289
2474,Chevrolet,Bolt EUV,2020,Asia,Sedan,114.0,76.5,605,83.1,1.5,1103,17.66,215121,48.9,231,4.67,36.6,Commercial,25.81,1634,1644,0.09,284.93,27864
109,Nissan,Leaf,2019,North America,Truck,90.0,87.3,422,49.1,2.15,774,24.7,209456,99.5,142,8.59,18.4,Fleet,25.13,688,1470,0.32,1379.62,26918
2026,BMW,i4,2022,Europe,Truck,78.8,91.2,430,50.4,1.76,764,21.73,211917,34.1,204,5.99,-2.7,Personal,25.43,890,2133,0.12,460.5,24019
2707,Mercedes,EQS,2023,Asia,Truck,70.1,74.1,382,72.1,1.31,893,24.05,122575,36.8,156,7.43,39.5,Commercial,14.71,1729,1071,0.24,589.59,23034
319,Mercedes,EQS,2023,Europe,Hatchback,65.7,78.9,281,47.2,1.72,459,19.99,188846,95.8,219,6.55,15.1,Fleet,22.66,741,2193,0.17,534.8,24374
2719,Mercedes,EQS,2023,Europe,SUV,80.8,99.8,327,229.7,0.39,280,15.47,135041,75.4,213,7.52,29.4,Personal,16.2,329,2180,0.35,609.32,25714
841,Nissan,Leaf,2018,Europe,Hatchback,95.7,74.9,491,85.7,1.5,1574,21.66,25239,57.9,233,6.82,26.0,Personal,3.03,1298,711,0.21,95.67,23422
2958,Hyundai,Kona Electric,2017,North America,SUV,31.9,81.4,187,197.2,0.19,1200,21.7,73475,44.8,158,6.18,19.7,Fleet,8.82,623,1357,0.15,199.3,12123
1352,BMW,i3,2023,Asia,Truck,46.9,93.3,274,205.9,0.26,463,19.29,60082,44.1,188,4.62,-6.6,Fleet,7.21,1560,1406,0.21,202.82,18779
2826,Kia,Niro EV,2018,North America,Sedan,82.0,87.6,455,64.3,1.53,1449,13.23,167974,60.9,208,7.5,-4.7,Fleet,20.16,1047,1752,0.24,444.46,20777
2367,Volkswagen,ID.3,2016,Asia,Hatchback,73.1,92.1,421,223.8,0.4,620,24.95,227670,37.1,227,7.74,-2.4,Commercial,27.32,843,1316,0.11,520.7,19880
1883,Mercedes,EQS,2020,Europe,Sedan,91.3,90.0,475,181.1,0.66,946,20.07,127325,82.2,131,6.6,12.1,Fleet,15.28,525,2032,0.34,724.03,23587
681,Tesla,Model 3,2015,Asia,Sedan,51.6,86.7,217,234.1,0.28,1496,24.48,119780,49.4,236,5.77,-3.4,Commercial,14.37,1707,2170,0.2,488.7,17740
730,Hyundai,Ioniq 5,2023,North America,SUV,99.4,89.8,478,225.0,0.6,817,23.91,153067,31.0,194,8.63,7.9,Fleet,18.37,519,1555,0.35,1067.45,31636
790,Chevrolet,Bolt EUV,2020,Asia,Truck,98.0,92.5,444,147.7,0.72,1935,15.33,161537,45.0,211,7.97,13.5,Fleet,19.38,1913,2350,0.26,536.55,27361
1814,BMW,i4,2020,Asia,Truck,83.8,70.2,340,46.2,2.43,1181,14.9,114122,54.7,205,8.0,7.0,Personal,13.69,1310,1866,0.27,382.59,25947
1346,Chevrolet,Bolt EUV,2020,North America,Sedan,90.4,92.0,508,198.2,0.52,296,24.53,42964,69.8,197,7.33,-2.9,Fleet,5.16,1088,1380,0.2,175.65,27574
1869,Tesla,Model 3,2019,Australia,Hatchback,99.5,95.1,558,159.5,0.81,334,13.72,168596,85.9,207,9.82,-1.6,Personal,20.23,237,1280,0.11,212.04,27894
2070,Nissan,Ariya,2016,Australia,SUV,76.6,76.2,425,82.4,1.1,999,14.77,132583,44.5,243,8.18,34.5,Fleet,15.91,254,1075,0.22,359.01,20031
433,Volkswagen,ID.4,2021,Europe,Hatchback,41.5,87.5,190,19.2,2.52,1631,17.62,22194,57.3,178,9.26,10.5,Personal,2.66,649,1022,0.25,81.47,18367
565,Ford,F-150 Lightning,2021,Australia,Truck,90.1,75.3,464,227.1,0.51,1152,23.02,109446,73.7,167,8.74,20.1,Fleet,13.13,636,2354,0.32,671.85,27135
1749,Audi,Q4 e-tron,2019,Australia,Hatchback,86.3,91.5,419,15.8,6.34,762,16.18,139141,62.4,239,5.62,-0.3,Fleet,16.7,1642,1458,0.32,600.35,24023
1777,Volkswagen,ID.3,2015,Australia,Truck,62.1,77.9,324,93.4,0.86,519,16.83,212542,43.7,239,3.89,-4.5,Fleet,25.51,633,1625,0.18,536.56,19536
71,Mercedes,EQS,2019,North America,Sedan,103.4,84.9,427,107.9,1.16,787,14.68,45809,39.8,156,9.35,33.7,Fleet,5.5,367,1109,0.24,134.5,28239
1789,Hyundai,Kona Electric,2017,Europe,Sedan,41.6,73.2,215,69.0,0.81,828,14.97,33544,53.3,156,6.7,30.0,Fleet,4.03,1233,1618,0.35,146.46,14784
1230,Chevrolet,Bolt EV,2023,Europe,Truck,77.0,88.2,366,247.0,0.36,1180,22.06,201118,33.1,199,7.95,38.2,Commercial,24.13,1815,2013,0.23,850.36,25518
1513,Chevrolet,Bolt EUV,2017,Asia,Hatchback,87.0,95.6,429,217.7,0.55,1089,16.33,238720,70.0,213,5.43,31.7,Personal,28.65,1545,870,0.09,292.37,23649
57,Ford,Mustang Mach-E,2020,Asia,Hatchback,114.6,88.8,535,44.3,2.88,1892,18.44,30053,92.6,165,9.99,27.6,Commercial,3.61,1220,1496,0.29,133.93,27836
1602,Mercedes,EQS,2020,Europe,Hatchback,82.6,88.6,436,242.1,0.46,1131,14.44,249023,97.9,155,9.45,-2.0,Commercial,29.88,1279,792,0.17,509.42,26788
652,Tesla,Model X,2015,Europe,Sedan,111.7,95.4,556,19.9,6.73,1229,13.64,178316,46.1,233,8.52,7.6,Fleet,21.4,1445,551,0.17,344.57,24373
2177,Kia,EV6,2017,Asia,SUV,103.2,85.6,600,124.1,1.12,821,23.78,111999,50.0,192,4.58,4.3,Commercial,13.44,1305,835,0.23,510.47,26563
898,Ford,F-150 Lightning,2016,Australia,Hatchback,118.2,93.9,544,213.6,0.62,328,17.69,122545,43.0,213,8.53,36.6,Personal,14.71,462,649,0.35,632.28,32089
786,Hyundai,Ioniq 5,2023,Australia,Truck,30.9,90.3,153,49.5,0.8,1066,22.43,6766,63.7,197,7.57,10.5,Personal,0.81,1424,2425,0.08,10.12,13447
310,Mercedes,EQC,2022,North America,Truck,66.4,72.6,274,224.0,0.36,257,18.19,29704,58.2,158,9.09,19.6,Commercial,3.56,1335,1446,0.18,81.05,24653
2405,Tesla,Model S,2019,Asia,Truck,44.8,99.4,228,124.9,0.41,1605,12.86,102565,92.3,226,8.51,16.7,Personal,12.31,1554,2084,0.1,109.92,15819
1742,BMW,i3,2019,North America,Truck,112.3,92.7,539,90.2,1.32,306,23.7,128362,74.9,244,9.53,-5.4,Commercial,15.4,1100,727,0.21,532.38,27601
908,Volkswagen,ID.3,2018,Asia,Sedan,99.5,96.9,464,248.1,0.55,683,13.24,55511,94.9,133,9.22,15.5,Commercial,6.66,328,1010,0.25,153.12,27823
603,Nissan,Leaf,2024,Asia,Hatchback,89.7,82.2,409,185.7,0.64,608,22.32,98590,74.0,140,9.9,-8.6,Fleet,11.83,1191,1937,0.11,201.72,26303
1179,Audi,Q4 e-tron,2016,Asia,Truck,74.1,74.3,304,160.6,0.61,1187,15.2,140171,62.3,246,8.63,-4.8,Commercial,16.82,1891,2422,0.09,159.79,22935
2298,Mercedes,EQC,2017,Europe,SUV,92.1,71.0,486,38.9,2.9,1236,19.11,136919,51.0,173,7.62,24.5,Personal,16.43,388,2052,0.17,370.67,25426
1746,Nissan,Leaf,2021,Australia,SUV,67.0,79.5,345,235.2,0.37,211,17.89,68976,89.1,227,5.15,10.1,Personal,8.28,367,1460,0.22,226.23,19603
1162,Ford,F-150 Lightning,2015,Asia,Hatchback,77.4,81.2,462,83.2,1.21,465,16.17,93047,44.1,188,3.52,28.0,Fleet,11.17,871,2074,0.29,363.6,18197
1510,Hyundai,Ioniq 5,2023,Australia,Sedan,53.9,75.4,285,213.4,0.32,1226,16.45,183453,57.9,143,9.1,-8.2,Commercial,22.01,1751,1427,0.11,276.63,17406
2096,BMW,i3,2022,Australia,Sedan,104.8,80.0,468,210.0,0.54,1140,15.77,82021,78.6,188,3.62,19.8,Personal,9.84,1658,2096,0.18,194.02,29014
1578,Ford,Mustang Mach-E,2018,Asia,Hatchback,41.2,98.4,232,143.0,0.31,273,18.33,165649,72.9,169,8.67,28.3,Commercial,19.88,1561,1084,0.21,531.36,16743
573,Tesla,Model 3,2017,Europe,Sedan,31.4,72.8,146,115.5,0.35,823,12.72,213150,45.6,219,4.42,22.0,Fleet,25.58,1529,1647,0.33,745.6,13195
555,Nissan,Leaf,2015,North America,SUV,64.5,95.1,341,157.8,0.52,996,16.37,41943,31.4,241,6.09,14.9,Personal,5.03,1873,971,0.08,45.77,16523
946,Chevrolet,Bolt EV,2022,Europe,SUV,38.5,79.6,155,37.5,1.14,552,14.25,124414,80.9,229,8.94,8.7,Personal,14.93,1857,784,0.14,206.84,13464
2997,Ford,Mustang Mach-E,2022,Europe,Hatchback,98.4,83.1,498,160.6,0.74,1793,18.62,15175,41.8,243,7.22,13.7,Fleet,1.82,289,868,0.32,75.35,30080
875,Hyundai,Ioniq 5,2023,Asia,Hatchback,103.6,70.2,619,54.7,2.32,1127,14.93,218097,77.1,197,8.57,4.5,Fleet,26.17,1647,970,0.26,705.51,28300
2995,Chevrolet,Bolt EV,2016,Asia,SUV,74.2,89.1,307,237.0,0.39,1569,24.55,212657,38.3,241,3.66,12.7,Commercial,25.52,1514,2495,0.13,565.58,22447
1570,Chevrolet,Bolt EV,2023,Europe,SUV,98.2,91.7,409,16.2,7.14,429,17.32,36116,44.9,234,3.77,10.7,Personal,4.33,576,911,0.32,166.81,27136
2669,Nissan,Ariya,2024,Europe,Hatchback,77.0,79.2,314,119.8,0.72,614,18.93,181376,80.6,223,6.73,26.5,Personal,21.77,1916,709,0.27,772.53,23685
2628,Nissan,Leaf,2024,Australia,Sedan,70.2,73.4,370,61.4,1.59,1603,14.46,16178,39.9,140,8.94,-4.7,Personal,1.94,1570,2126,0.15,29.24,26004
1554,Chevrolet,Bolt EV,2021,Europe,SUV,42.7,93.1,248,29.8,1.58,303,20.11,22060,64.5,143,7.71,16.1,Personal,2.65,1315,2135,0.18,66.54,13645
121,Kia,Niro EV,2019,Australia,Truck,45.8,90.7,201,139.1,0.45,832,22.68,73619,54.3,141,9.88,13.7,Commercial,8.83,1765,736,0.11,153.05,17668
2660,Audi,e-tron,2021,Europe,Sedan,109.0,70.4,438,62.8,2.19,1641,12.56,190505,78.3,171,4.99,31.6,Fleet,22.86,1450,1372,0.15,299.09,31830
810,Volkswagen,ID.4,2021,North America,SUV,67.3,95.3,300,12.4,6.29,1504,23.57,166233,73.4,237,4.19,14.8,Commercial,19.95,1273,2463,0.15,489.76,21031
2187,Ford,F-150 Lightning,2024,Europe,Hatchback,68.9,94.0,380,85.6,0.92,986,16.2,16693,87.5,208,5.84,4.4,Commercial,2.0,624,1898,0.14,31.55,25923
1619,Mercedes,EQS,2022,Asia,Sedan,84.9,85.5,496,135.5,0.66,661,17.55,216927,62.9,141,5.18,24.9,Fleet,26.03,667,2489,0.3,951.77,23963
314,Nissan,Leaf,2022,Asia,SUV,36.7,97.2,219,178.4,0.23,851,16.66,104956,67.1,182,5.55,-7.2,Personal,12.59,800,880,0.27,393.43,15483
1563,Volkswagen,ID.4,2016,North America,SUV,82.5,72.0,352,169.6,0.59,823,15.13,196620,93.9,202,4.89,-9.3,Commercial,23.59,854,1436,0.24,594.97,20358
234,Chevrolet,Bolt EUV,2020,Europe,SUV,102.0,80.0,584,229.7,0.49,767,22.24,106121,74.1,236,7.65,31.7,Commercial,12.73,879,919,0.22,432.69,29262
508,Volkswagen,ID.3,2024,Europe,Sedan,41.2,98.9,188,214.9,0.24,1139,23.94,182476,41.0,240,4.19,23.5,Fleet,21.9,498,1799,0.24,873.7,19354
1337,Mercedes,EQS,2024,Australia,SUV,48.2,93.8,227,239.6,0.21,961,20.76,71421,53.3,213,3.7,36.7,Commercial,8.57,1668,648,0.3,370.67,22062
1386,Chevrolet,Bolt EV,2024,Asia,Sedan,106.2,79.8,573,21.8,6.12,1934,15.45,173892,97.7,183,8.93,-5.4,Fleet,20.87,1769,1454,0.18,402.99,33183
112,Volkswagen,ID.4,2016,Australia,SUV,73.1,70.8,342,101.9,0.9,1516,15.2,51819,72.6,177,7.07,27.3,Commercial,6.22,563,1390,0.22,144.4,18562
1579,Tesla,Model X,2018,Asia,Sedan,60.9,99.1,314,121.3,0.58,1727,24.6,15910,32.3,200,9.39,10.2,Personal,1.91,531,2135,0.14,45.66,19423
411,Ford,F-150 Lightning,2024,Australia,Hatchback,53.9,83.0,323,63.7,1.17,1581,13.89,229923,66.7,142,6.54,-4.7,Commercial,27.59,1598,1615,0.31,825.02,18658
219,Volkswagen,ID.3,2024,Asia,Truck,73.4,80.9,432,162.1,0.62,1068,13.33,239686,65.6,165,9.82,12.4,Commercial,28.76,1417,603,0.13,346.13,22028
2115,Hyundai,Ioniq 5,2019,Asia,SUV,63.0,96.4,352,232.3,0.35,336,17.37,85662,45.6,217,6.01,26.7,Personal,10.28,380,529,0.2,247.99,21402
1308,Kia,Niro EV,2021,North America,Hatchback,51.5,87.0,292,57.0,1.03,621,23.95,91891,33.0,139,6.69,12.4,Commercial,11.03,416,820,0.13,238.42,20328
1081,Tesla,Model Y,2022,Europe,Truck,45.1,74.9,192,53.9,1.11,338,20.32,198652,84.6,146,3.8,11.2,Fleet,23.84,1357,613,0.31,1042.79,17715
760,Mercedes,EQC,2019,Australia,Truck,83.0,89.4,406,242.5,0.47,964,16.32,248776,31.2,136,7.05,0.7,Personal,29.85,1011,606,0.17,575.17,22392
912,Mercedes,EQC,2017,Australia,Truck,109.9,82.1,576,223.5,0.65,1441,21.13,125026,71.9,148,9.7,0.3,Personal,15.0,546,1315,0.16,352.24,28244
808,Volkswagen,ID.3,2017,Europe,Truck,69.2,86.7,332,61.3,1.33,1786,12.72,244427,46.4,142,4.02,32.8,Commercial,29.33,357,2133,0.31,803.19,19732
440,Volkswagen,ID.4,2023,North America,SUV,45.7,89.4,205,182.5,0.28,1314,12.06,88996,92.5,206,6.81,-8.8,Fleet,10.68,1943,1443,0.14,125.22,19408
545,Nissan,Leaf,2024,Australia,SUV,51.3,72.9,264,143.3,0.48,1962,18.74,64949,99.5,209,3.82,3.4,Personal,7.79,1982,972,0.22,223.14,19149
486,Nissan,Ariya,2021,North America,SUV,108.1,85.0,445,181.8,0.69,1549,22.46,189484,53.5,159,6.72,-5.7,Personal,22.74,1350,692,0.22,780.23,31436
2476,Hyundai,Ioniq 5,2017,Asia,Sedan,91.0,85.7,384,201.2,0.54,401,20.02,199501,67.7,138,3.8,21.7,Commercial,23.94,778,1636,0.12,399.4,26138
388,Tesla,Model Y,2024,North America,SUV,113.2,76.9,518,99.3,1.32,567,24.4,141023,70.8,171,7.88,-9.2,Personal,16.92,1669,793,0.29,831.57,29691
2917,Volkswagen,ID.3,2018,Europe,SUV,95.4,83.9,425,144.2,0.87,932,18.71,131160,50.4,214,9.01,25.0,Personal,15.74,649,615,0.2,409.0,27549
1193,BMW,iX,2022,Asia,Truck,78.8,79.8,425,115.9,0.88,1797,18.14,67607,71.6,222,3.79,17.1,Commercial,8.11,228,1512,0.17,173.74,22575
1231,Ford,Mustang Mach-E,2015,Asia,Truck,49.0,75.6,242,223.4,0.27,1688,15.02,26283,48.0,209,4.68,6.2,Commercial,3.15,353,1406,0.34,111.85,13452
1211,BMW,i3,2020,North America,Sedan,57.2,96.7,316,99.4,0.78,520,20.07,249439,82.3,191,9.91,13.3,Personal,29.93,1787,2151,0.23,959.53,20020
1274,Hyundai,Kona Electric,2017,Asia,Truck,47.7,75.7,259,95.2,0.62,1025,13.53,32663,37.2,181,4.14,29.5,Fleet,3.92,1603,2181,0.19,69.97,16588
1940,Mercedes,EQS,2023,Australia,SUV,94.9,81.4,459,81.3,1.58,1196,19.92,68883,75.6,135,5.06,15.7,Commercial,8.27,1732,2399,0.25,285.86,30373
2304,Kia,Niro EV,2017,North America,SUV,49.9,95.8,258,184.4,0.38,270,13.23,134807,86.4,152,9.33,-5.2,Personal,16.18,1771,770,0.3,445.87,14432
931,Kia,Niro EV,2020,Australia,Hatchback,53.1,73.0,276,173.5,0.36,219,21.54,170819,39.4,244,4.25,39.6,Fleet,20.5,225,1065,0.25,766.55,16406
136,BMW,iX,2023,North America,SUV,116.4,84.3,674,88.0,1.81,1711,13.48,235156,70.8,224,6.88,20.8,Personal,28.22,1449,1022,0.09,237.74,32626
1781,Mercedes,EQS,2016,North America,SUV,107.2,75.7,642,78.5,1.89,576,14.53,73809,100.0,195,5.26,-2.0,Commercial,8.86,620,1766,0.22,196.61,27726
2168,Nissan,Ariya,2018,North America,SUV,83.8,91.3,423,174.7,0.61,542,15.47,51944,68.2,159,4.68,20.5,Commercial,6.23,564,2420,0.18,120.54,21314
1498,Kia,EV6,2021,Australia,Sedan,88.6,82.7,394,27.7,3.84,915,17.02,218492,52.9,152,9.08,8.6,Commercial,26.22,993,883,0.11,340.88,26967
2257,Ford,Mustang Mach-E,2020,Europe,Sedan,38.3,99.9,198,122.3,0.38,1335,18.14,88395,79.9,249,8.53,11.2,Personal,10.61,1519,697,0.35,467.68,13906
367,Ford,Mustang Mach-E,2015,North America,Truck,68.8,79.4,374,201.3,0.38,1935,22.32,62204,72.1,175,8.32,30.3,Commercial,7.46,1412,1321,0.19,219.83,17689
2025,BMW,i3,2023,Europe,Hatchback,73.7,93.9,377,55.9,1.6,444,15.97,233239,80.5,172,9.59,-6.6,Commercial,27.99,449,1454,0.15,465.6,23642
2898,Audi,e-tron,2021,Asia,Truck,50.7,94.1,251,156.9,0.45,1027,15.73,135606,45.7,247,4.94,24.9,Fleet,16.27,1726,2492,0.08,142.21,16239
30,Volkswagen,ID.4,2023,Australia,Hatchback,81.2,87.3,443,41.5,2.57,295,16.43,143429,69.3,141,6.29,27.5,Personal,17.21,416,1366,0.11,216.02,24270
2502,Mercedes,EQS,2023,North America,Hatchback,119.9,94.2,663,72.8,2.35,769,18.79,42123,37.5,242,6.67,12.9,Personal,5.05,971,2171,0.18,118.72,35505
2969,Audi,Q4 e-tron,2016,North America,SUV,33.7,95.6,167,154.2,0.25,1571,12.89,82277,83.4,247,9.22,36.8,Personal,9.87,1025,1181,0.09,79.54,10900
1048,Nissan,Leaf,2017,North America,Truck,88.1,80.7,471,185.3,0.54,1432,14.81,117364,49.6,210,6.89,4.3,Commercial,14.08,1112,827,0.28,405.57,21705
2888,BMW,iX,2017,North America,SUV,76.5,98.2,404,126.4,0.7,545,13.23,225263,69.4,238,4.18,33.2,Fleet,27.03,1321,2410,0.21,521.54,21577
1422,Mercedes,EQS,2024,Europe,SUV,104.8,89.4,537,100.3,1.42,404,19.04,213803,69.6,197,5.69,33.3,Commercial,25.66,1910,761,0.2,678.47,30433
1489,Volkswagen,ID.3,2023,Australia,Hatchback,107.8,70.7,599,163.0,0.8,432,20.14,105477,83.7,229,7.74,12.9,Fleet,12.66,1506,1150,0.3,531.08,27806
184,BMW,i3,2019,Asia,Truck,43.3,95.6,234,227.8,0.26,1314,23.82,160914,54.7,176,9.15,-3.5,Fleet,19.31,594,2010,0.11,351.36,16063
1135,Ford,F-150 Lightning,2017,Asia,Hatchback,44.6,70.4,193,211.3,0.3,872,16.95,16338,71.0,136,7.85,8.5,Commercial,1.96,422,2246,0.14,32.31,12366
189,Audi,e-tron,2021,Australia,Truck,34.0,80.3,179,27.5,1.76,847,22.0,143367,86.6,130,9.0,20.7,Fleet,17.2,1327,2058,0.21,551.96,17307
421,Volkswagen,ID.4,2016,Europe,SUV,36.4,89.8,204,171.8,0.26,735,15.72,28104,31.3,130,3.71,37.7,Commercial,3.37,304,994,0.29,106.77,15383
171,Nissan,Ariya,2022,Europe,Truck,83.2,86.1,474,22.8,4.02,603,13.4,239073,62.4,246,7.22,15.6,Personal,28.69,1586,2345,0.33,880.98,22516
1378,BMW,iX,2019,Asia,Sedan,44.2,77.1,209,200.7,0.25,1555,13.16,166468,30.8,164,5.31,-2.8,Fleet,19.98,1929,2305,0.27,492.91,16187
461,Kia,Niro EV,2016,North America,Sedan,77.0,77.9,426,232.5,0.4,1429,17.23,72863,77.7,247,4.3,10.0,Fleet,8.74,1698,599,0.29,303.4,19060
44,Volkswagen,ID.4,2022,Europe,SUV,105.8,93.1,437,22.0,5.62,1673,16.27,172658,70.6,204,3.99,-3.6,Commercial,20.72,1406,1347,0.12,280.91,28443
88,Audi,Q4 e-tron,2021,Australia,SUV,47.4,72.5,220,144.8,0.45,1065,20.24,36575,87.3,241,4.2,28.1,Fleet,4.39,785,1756,0.34,209.75,18368
1323,Volkswagen,ID.4,2024,North America,SUV,113.1,77.1,574,49.0,2.8,221,19.12,55734,74.7,219,5.4,-2.4,Personal,6.69,538,1030,0.1,88.8,29233
1741,Tesla,Model 3,2023,North America,Truck,100.6,97.9,549,196.5,0.71,965,21.89,189505,78.5,227,6.69,-6.7,Fleet,22.74,1225,716,0.32,1106.2,30002
706,Ford,Mustang Mach-E,2019,Asia,Hatchback,38.6,98.5,230,141.4,0.29,1742,12.33,184776,50.2,230,3.9,37.9,Fleet,22.17,1271,1266,0.16,303.77,16394
904,Mercedes,EQC,2017,North America,Truck,84.3,83.1,475,231.8,0.42,1342,18.63,37406,93.4,186,5.02,37.1,Commercial,4.49,1464,2112,0.16,92.92,21276
283,Ford,Mustang Mach-E,2018,Asia,SUV,32.5,85.7,144,247.5,0.16,960,19.51,77373,92.8,208,8.83,13.9,Fleet,9.28,1431,507,0.12,150.95,15382
2459,Nissan,Ariya,2016,Asia,Hatchback,93.6,99.7,391,141.4,0.76,1773,24.47,159975,94.2,165,4.68,38.5,Personal,19.2,895,1003,0.25,815.54,22853
694,BMW,iX,2019,Australia,Sedan,83.1,90.9,389,176.8,0.51,1360,21.9,42081,47.6,220,8.39,33.2,Commercial,5.05,1404,745,0.31,238.07,25624
2090,Volkswagen,ID.4,2018,Europe,Hatchback,87.9,78.0,502,89.7,1.05,1864,19.86,181129,41.3,195,4.53,4.3,Personal,21.74,771,1755,0.23,689.47,25561
2067,Audi,e-tron,2023,North America,Sedan,101.4,81.4,522,160.0,0.7,902,17.47,239537,65.4,231,4.37,0.0,Personal,28.74,1545,1093,0.19,662.58,30593
258,Nissan,Ariya,2021,Australia,Truck,45.4,83.6,222,174.9,0.28,1379,18.35,141285,91.7,195,7.22,3.9,Personal,16.95,1661,2061,0.28,604.94,19569
2645,Ford,F-150 Lightning,2016,Europe,Hatchback,32.4,82.2,149,147.5,0.31,1997,22.75,93143,79.0,137,7.27,25.2,Fleet,11.18,1336,1462,0.17,300.19,13240
2595,Kia,EV6,2016,North America,SUV,51.4,99.9,286,216.5,0.26,530,14.73,128769,83.1,234,7.28,4.6,Personal,15.45,547,2049,0.28,442.58,12912
2443,Tesla,Model S,2023,North America,Hatchback,101.0,83.0,445,32.0,3.65,771,12.37,136655,77.2,181,7.64,15.9,Fleet,16.4,674,1904,0.26,366.26,30576
2884,Tesla,Model S,2019,Australia,Truck,113.0,80.8,662,158.5,0.89,1219,15.69,205091,61.8,249,9.7,31.5,Fleet,24.61,1127,2011,0.32,858.1,27617
1217,Tesla,Model 3,2021,Asia,SUV,85.0,91.9,398,171.1,0.65,1208,17.34,72733,66.5,202,5.1,-6.8,Commercial,8.73,964,1182,0.31,325.81,25528
1042,Audi,e-tron,2024,Europe,Hatchback,31.4,83.5,152,142.9,0.24,272,14.47,109334,95.4,167,4.75,35.6,Fleet,13.12,645,1378,0.26,342.78,18217
2454,Hyundai,Ioniq 5,2018,Australia,Hatchback,75.2,85.3,354,211.4,0.49,587,24.1,163989,89.4,242,4.71,-3.1,Commercial,19.68,1290,776,0.23,757.49,22245
150,Kia,Niro EV,2018,North America,Hatchback,33.0,71.9,191,44.3,0.89,1742,13.12,129302,31.5,249,7.06,-3.6,Fleet,15.52,1143,698,0.19,268.6,10109
1737,Ford,F-150 Lightning,2016,Australia,Hatchback,103.5,93.1,544,35.2,3.84,1008,24.32,241386,60.4,249,5.77,22.6,Commercial,28.97,1893,1563,0.18,880.58,28880
2359,Tesla,Model Y,2018,Australia,Sedan,77.4,73.0,379,89.0,1.13,1384,18.88,91245,63.7,194,9.29,9.5,Personal,10.95,1481,1121,0.14,200.98,23624
2393,Ford,Mustang Mach-E,2015,North America,Hatchback,42.8,70.7,203,62.3,0.83,1070,23.1,207112,82.5,226,7.54,20.3,Fleet,24.85,697,647,0.23,916.99,16302
2442,Hyundai,Ioniq 5,2017,Europe,SUV,36.0,93.2,195,143.1,0.29,1696,15.84,23376,59.6,213,7.3,16.3,Fleet,2.81,985,2333,0.09,27.77,12801
2113,Chevrolet,Bolt EUV,2020,Australia,SUV,118.1,92.8,486,132.6,1.06,1162,13.3,144787,63.8,149,6.77,-0.7,Fleet,17.37,413,1523,0.19,304.9,32705
2418,Tesla,Model X,2020,Australia,SUV,74.2,84.3,385,18.0,4.35,873,17.53,201924,97.5,207,7.87,5.8,Commercial,24.23,623,2258,0.18,530.96,23745
135,Hyundai,Kona Electric,2020,Asia,Sedan,98.8,78.0,399,30.6,3.43,1446,22.17,132896,98.3,208,4.84,-3.9,Personal,15.95,1605,1335,0.29,712.02,26224
2931,Hyundai,Ioniq 5,2021,Asia,SUV,50.9,71.8,304,218.9,0.28,321,23.85,57143,86.8,151,8.08,8.3,Commercial,6.86,607,981,0.34,386.14,20644
832,Audi,Q4 e-tron,2022,Asia,Sedan,50.5,70.7,240,44.8,1.28,873,15.58,104007,88.6,156,3.87,-7.4,Commercial,12.48,1401,1435,0.33,445.62,16593
1801,Hyundai,Kona Electric,2024,Asia,Truck,103.5,77.9,585,178.6,0.61,1356,18.93,222713,60.1,172,7.37,-4.9,Personal,26.73,1392,2483,0.09,316.2,29673
2930,Nissan,Leaf,2022,Asia,Sedan,47.8,92.4,253,231.0,0.23,763,21.37,143026,64.7,243,4.76,8.0,Fleet,17.16,969,1690,0.11,280.18,18725
2989,BMW,i3,2018,Asia,Sedan,76.9,93.4,392,11.8,7.9,1255,14.2,228628,44.2,218,7.47,22.9,Commercial,27.44,649,2451,0.09,243.49,23308
1899,Volkswagen,ID.4,2022,Europe,Sedan,57.6,96.8,280,80.8,0.96,1574,23.74,162307,61.5,149,9.04,14.1,Personal,19.48,1849,2038,0.29,931.18,20114
865,Volkswagen,ID.3,2024,North America,SUV,71.0,94.4,338,139.7,0.55,1537,22.34,37556,33.1,231,7.23,31.7,Commercial,4.51,1018,2166,0.09,62.93,24328
529,Ford,Mustang Mach-E,2021,Australia,SUV,39.5,90.7,170,199.3,0.25,1974,12.86,34545,79.1,152,9.4,-3.9,Commercial,4.15,1658,941,0.1,37.02,14188
2220,Nissan,Leaf,2023,Australia,Hatchback,57.6,95.3,308,214.9,0.35,1080,23.14,66445,75.1,240,7.45,21.4,Fleet,7.97,1954,503,0.21,269.07,18009
431,Nissan,Ariya,2015,Australia,Truck,56.9,73.0,258,206.0,0.35,1104,16.45,198026,74.1,154,8.11,35.3,Personal,23.76,874,810,0.09,244.31,18574
2744,BMW,i3,2021,Australia,SUV,83.6,96.6,417,247.2,0.47,612,20.34,85010,33.4,141,8.96,33.1,Personal,10.2,1293,1727,0.13,187.32,27640
